Date,Open,High,Low,Close,AdjClose,Volume
2012-02-21,24.57,24.73,24.309999,24.52,24.52,107400
2012-02-22,24.459999,24.459999,23.77,23.790001,23.790001,60000
2012-02-23,23.879999,24.02,23.610001,23.799999,23.799999,44800
2012-02-24,23.75,24.059999,23.25,23.42,23.42,49200
2012-02-27,23.24,23.24,22.83,22.99,22.99,90700
2012-02-28,23.07,23.110001,22.66,22.85,22.85,77000
2012-02-29,22.940001,23.15,22.280001,22.280001,22.280001,83200
2012-03-01,22.469999,22.559999,22.32,22.389999,22.389999,105500
2012-03-02,22.42,22.42,21.67,21.99,21.99,86400
2012-03-05,21.99,22.309999,21.639999,21.940001,21.940001,173700
2012-03-06,21.6,22.34,21.6,21.959999,21.959999,169800
2012-03-07,22.120001,22.389999,21.950001,22.139999,22.139999,74300
2012-03-08,22.26,22.26,21.889999,22.110001,22.110001,38500
2012-03-09,22.059999,22.52,21.639999,22.35,22.35,174200
2012-03-12,22.370001,22.43,22,22.24,22.24,63400
2012-03-13,22.389999,23.4,22.25,23.190001,23.190001,269100
2012-03-14,23.09,23.299999,22.780001,22.879999,22.879999,36500
2012-03-15,22.860001,23.190001,22.68,22.889999,22.889999,53100
2012-03-16,22.959999,22.959999,22.309999,22.59,22.59,103800
2012-03-19,22.5,22.6,22.200001,22.219999,22.219999,128200
2012-03-20,22.030001,22.08,21.700001,21.82,21.82,88400
2012-03-21,21.93,22.49,21.67,21.860001,21.860001,84600
2012-03-22,21.620001,21.620001,20.99,21.01,21.01,167400
2012-03-23,21.07,21.35,20.9,21.290001,21.290001,154900
2012-03-26,21.559999,22.34,21.48,22.24,22.24,101300
2012-03-27,22.309999,22.700001,22.24,22.379999,22.379999,82100
2012-03-28,22.389999,22.469999,22.129999,22.24,22.24,74900
2012-03-29,22.139999,22.42,22,22.190001,22.190001,58100
2012-03-30,22.42,22.700001,22.219999,22.549999,22.549999,143400
2012-04-02,22.41,22.799999,22.25,22.74,22.74,186400
2012-04-03,22.719999,22.780001,22.309999,22.75,22.75,154700
2012-04-04,22.5,22.549999,22,22.040001,22.040001,69300
2012-04-05,21.889999,22.190001,21.690001,22.17,22.17,69000
2012-04-09,21.639999,21.799999,21.459999,21.709999,21.709999,69400
2012-04-10,21.610001,21.719999,21.42,21.49,21.49,84500
2012-04-11,21.690001,22.17,21.49,21.959999,21.959999,86200
2012-04-12,21.93,22.26,21.93,22.219999,22.219999,81600
2012-04-13,22.110001,22.209999,21.719999,21.799999,21.799999,56200
2012-04-16,21.93,21.99,21.459999,21.65,21.65,43900
2012-04-17,21.879999,22.370001,21.620001,21.790001,21.790001,64700
2012-04-18,21.690001,21.85,21.450001,21.780001,21.780001,77800
2012-04-19,21.780001,21.93,21.49,21.75,21.75,66300
2012-04-20,22.290001,22.299999,21.73,22.030001,22.030001,111600
2012-04-23,21.76,22.190001,21.76,22.07,22.07,58600
2012-04-24,22.02,22.42,21.92,22.01,22.01,181000
2012-04-25,22.290001,22.559999,22.08,22.280001,22.280001,147600
2012-04-26,22.27,22.559999,21.74,22.35,22.35,184200
2012-04-27,22.4,23.73,22.18,23.530001,23.530001,230600
2012-04-30,23.559999,23.74,23.309999,23.700001,23.700001,90000
2012-05-01,23.65,24.75,23.65,23.82,23.82,133000
2012-05-02,23.6,24.17,23.299999,24.07,24.07,82000
2012-05-03,24.040001,24.040001,23.459999,23.74,23.74,51000
2012-05-04,23.540001,23.639999,23.030001,23.110001,23.110001,44500
2012-05-07,23.049999,23.34,22.85,23.120001,23.120001,36000
2012-05-08,22.889999,23.83,22.77,23.68,23.68,103300
2012-05-09,23.33,24.379999,23.08,24.209999,24.209999,264000
2012-05-10,24.51,26.209999,24.4,25.639999,25.639999,355000
2012-05-11,25.370001,25.99,25.370001,25.5,25.5,108000
2012-05-14,25.290001,25.6,25.120001,25.35,25.35,142900
2012-05-15,25.299999,25.5,25.110001,25.200001,25.200001,78000
2012-05-16,25.24,25.4,25.1,25.16,25.16,117200
2012-05-17,25.110001,25.26,24.790001,24.809999,24.809999,50100
2012-05-18,24.74,25.18,24.18,24.440001,24.440001,71600
2012-05-21,24.530001,25.040001,24.530001,25,25,112500
2012-05-22,25.08,25.129999,24.08,24.25,24.25,119000
2012-05-23,23.959999,24.33,23.76,24.23,24.23,38000
2012-05-24,24.23,24.280001,23.9,24.23,24.23,22200
2012-05-25,24.33,24.360001,23.959999,24.16,24.16,39200
2012-05-29,24.280001,24.92,23.98,24.83,24.83,161400
2012-05-30,24.530001,24.870001,24.360001,24.57,24.57,64200
2012-05-31,24.51,24.530001,23.950001,24.24,24.24,269500
2012-06-01,23.68,24.110001,23.540001,23.75,23.75,78400
2012-06-04,23.870001,24.33,23.59,24.209999,24.209999,102300
2012-06-05,24.059999,24.950001,24.030001,24.860001,24.860001,76100
2012-06-06,24.98,26.16,24.98,26.049999,26.049999,133900
2012-06-07,26.360001,28.129999,26.120001,27.32,27.32,571500
2012-06-08,27.110001,27.469999,27.01,27.33,27.33,124900
2012-06-11,27.379999,27.530001,27.030001,27.059999,27.059999,188000
2012-06-12,27.299999,27.67,26.959999,27.48,27.48,94900
2012-06-13,27.49,28,26.98,27.610001,27.610001,188200
2012-06-14,27.48,27.85,27.34,27.57,27.57,109000
2012-06-15,27.6,27.75,27.49,27.65,27.65,137300
2012-06-18,27.4,28.299999,27.4,28.25,28.25,127400
2012-06-19,28.299999,28.83,28.030001,28.4,28.4,173800
2012-06-20,28.360001,28.74,28.360001,28.700001,28.700001,194400
2012-06-21,28.690001,28.889999,28.25,28.43,28.43,178500
2012-06-22,28.59,29.59,28.4,29.16,29.16,975200
2012-06-25,28.809999,28.860001,28.49,28.74,28.74,115500
2012-06-26,28.700001,28.959999,27.530001,28.309999,28.309999,402500
2012-06-27,28.27,29.23,28.25,29.07,29.07,169900
2012-06-28,28.75,28.969999,28.389999,28.879999,28.879999,105500
2012-06-29,29.51,29.639999,29.34,29.620001,29.620001,124000
2012-07-02,29.540001,30.059999,29.49,30.030001,30.030001,200000
2012-07-03,30.08,30.24,29.950001,30.08,30.08,115000
2012-07-05,30,30.190001,29.870001,29.98,29.98,163700
2012-07-06,29.639999,30.049999,29.450001,30.02,30.02,86900
2012-07-09,30.02,30.16,29.75,30,30,126900
2012-07-10,30.200001,30.35,29.84,29.92,29.92,51200
2012-07-11,29.889999,30.09,29.48,29.99,29.99,82700
2012-07-12,29.65,30,29.33,29.860001,29.860001,57100
2012-07-13,29.940001,30.32,29.639999,29.700001,29.700001,57200
2012-07-16,29.6,29.6,29.280001,29.379999,29.379999,70200
2012-07-17,29.469999,29.67,29.24,29.639999,29.639999,86500
2012-07-18,29.639999,30,29.639999,29.809999,29.809999,34400
2012-07-19,29.860001,30.030001,29.58,29.690001,29.690001,41600
2012-07-20,29.559999,29.91,29.559999,29.610001,29.610001,62300
2012-07-23,29.049999,29.66,28.540001,28.83,28.83,72900
2012-07-24,29.040001,29.040001,27.639999,28.02,28.02,118300
2012-07-25,28.139999,28.290001,27.639999,27.85,27.85,72300
2012-07-26,28,28.24,27.620001,28.120001,28.120001,93700
2012-07-27,28.139999,28.379999,28.1,28.23,28.23,88000
2012-07-30,28.27,28.35,27.65,28.139999,28.139999,60300
2012-07-31,27.969999,28.35,27.85,28,28,80900
2012-08-01,28.25,28.25,27.33,27.58,27.58,96300
2012-08-02,27.5,29.84,27.129999,29.190001,29.190001,315700
2012-08-03,30.190001,30.469999,29.27,29.799999,29.799999,273700
2012-08-06,29.969999,30.299999,29.91,30.1,30.1,129600
2012-08-07,30.24,30.360001,29.82,29.950001,29.950001,90800
2012-08-08,28.450001,29.639999,28.17,28.5,28.5,506800
2012-08-09,28.549999,28.6,28.43,28.5,28.5,113800
2012-08-10,28.389999,28.59,28.110001,28.32,28.32,71000
2012-08-13,28.190001,28.5,28,28.5,28.5,60100
2012-08-14,28.559999,28.559999,27.950001,28.34,28.34,113800
2012-08-15,28.200001,28.49,27.950001,28.24,28.24,93400
2012-08-16,28.25,29.48,27.809999,29.26,29.26,138100
2012-08-17,29.15,29.52,29.01,29.32,29.32,87600
2012-08-20,29.370001,29.59,29.18,29.49,29.49,229300
2012-08-21,29.51,29.700001,28.93,29.01,29.01,218600
2012-08-22,29,29.02,28.110001,28.200001,28.200001,131300
2012-08-23,28.26,28.26,27.780001,28.030001,28.030001,143900
2012-08-24,28.030001,28.5,27.98,28.26,28.26,117800
2012-08-27,28.49,28.49,27.959999,28.049999,28.049999,63400
2012-08-28,28,28.309999,28,28.08,28.08,70900
2012-08-29,28.18,28.18,27.879999,28.01,28.01,95900
2012-08-30,27.9,28,27.709999,27.870001,27.870001,37500
2012-08-31,28.1,28.1,27.860001,28.030001,28.030001,45500
2012-09-04,28,28.450001,27.82,28.25,28.25,147400
2012-09-05,28.200001,28.530001,27.01,28.389999,28.389999,69300
2012-09-06,28.58,29.200001,28.440001,29.01,29.01,155800
2012-09-07,29.15,29.15,28.469999,28.690001,28.690001,131800
2012-09-10,28.629999,28.799999,28.34,28.540001,28.540001,143000
2012-09-11,28.549999,29.82,28.549999,29.290001,29.290001,170100
2012-09-12,29.370001,29.74,28.549999,29.33,29.33,136200
2012-09-13,29.280001,29.719999,28.940001,29.709999,29.709999,195400
2012-09-14,29.889999,30.610001,29.700001,30.040001,30.040001,199500
2012-09-17,30.01,30.540001,29.389999,30.41,30.41,141200
2012-09-18,30.66,30.91,30.280001,30.540001,30.540001,176900
2012-09-19,30.700001,30.700001,29.82,30.17,30.17,99600
2012-09-20,30,30.129999,29.129999,29.219999,29.219999,138400
2012-09-21,29.58,30.040001,29.41,29.84,29.84,324200
2012-09-24,29.83,29.83,29.07,29.18,29.18,93700
2012-09-25,29.299999,29.370001,28.280001,28.35,28.35,103600
2012-09-26,28.35,28.379999,27.700001,28.290001,28.290001,99600
2012-09-27,28.34,28.370001,27.860001,28.280001,28.280001,123600
2012-09-28,28.16,28.450001,27.91,28.26,28.26,108500
2012-10-01,28.299999,28.860001,28.08,28.85,28.85,187000
2012-10-02,29.030001,29.370001,28.24,28.299999,28.299999,153500
2012-10-03,28.49,28.639999,27.940001,28.219999,28.219999,285800
2012-10-04,28.35,28.6,27.940001,28.549999,28.549999,56500
2012-10-05,28.620001,28.879999,28.24,28.25,28.25,74700
2012-10-08,28.1,28.120001,27.809999,27.92,27.92,34700
2012-10-09,28.02,28.059999,27.15,27.209999,27.209999,94300
2012-10-10,27.190001,27.299999,26.33,27.17,27.17,108000
2012-10-11,27.4,27.91,27.34,27.690001,27.690001,81400
2012-10-12,27.66,28.059999,27.6,28.02,28.02,159500
2012-10-15,28.440001,29.07,28.120001,28.99,28.99,273100
2012-10-16,29.110001,29.280001,28.34,28.66,28.66,176300
2012-10-17,28.58,28.84,28.190001,28.459999,28.459999,105700
2012-10-18,28.370001,29.27,28.370001,28.77,28.77,280700
2012-10-19,28.52,28.58,27.58,28.059999,28.059999,105300
2012-10-22,28.059999,28.059999,27.389999,27.42,27.42,71900
2012-10-23,27.25,27.57,26.77,27.370001,27.370001,78700
2012-10-24,27.459999,27.719999,26.780001,27.379999,27.379999,100600
2012-10-25,27.540001,28.34,27.35,28.23,28.23,166600
2012-10-26,28.15,29.209999,28.01,28.35,28.35,113000
2012-10-31,28.389999,29.51,28.370001,29,29,135000
2012-11-01,29.129999,29.209999,28.41,28.809999,28.809999,176600
2012-11-02,29.18,29.219999,25.51,26.620001,26.620001,747900
2012-11-05,26.030001,26.870001,26.030001,26.35,26.35,175700
2012-11-06,26.370001,27.110001,26.309999,27.059999,27.059999,118400
2012-11-07,26.690001,26.879999,26.26,26.27,26.27,322600
2012-11-08,25.969999,26.23,25.16,25.16,25.16,176300
2012-11-09,25.01,25.790001,24.959999,25.24,25.24,169900
2012-11-12,25.379999,25.690001,25.110001,25.389999,25.389999,159000
2012-11-13,25.18,25.639999,25.09,25.23,25.23,56300
2012-11-14,25.26,25.34,24.34,24.450001,24.450001,248800
2012-11-15,24.83,25.91,24.629999,25.77,25.77,177300
2012-11-16,25.73,26.32,25.370001,26.26,26.26,137200
2012-11-19,26.58,26.809999,26.23,26.360001,26.360001,131600
2012-11-20,26.23,26.6,25.059999,25.25,25.25,187200
2012-11-21,25.35,25.82,25.08,25.51,25.51,2570400
2012-11-23,25.65,26.02,25.559999,26.02,26.02,34000
2012-11-26,26.040001,26.049999,25.6,25.700001,25.700001,121300
2012-11-27,25.74,25.889999,25.57,25.66,25.66,205200
2012-11-28,25.610001,25.709999,25.23,25.620001,25.620001,87100
2012-11-29,25.85,26.110001,25.66,25.68,25.68,170400
2012-11-30,25.780001,26.59,25.719999,26.58,26.58,237000
2012-12-03,26.77,26.959999,26.129999,26.66,26.66,264000
2012-12-04,26.620001,27.370001,26.48,26.690001,26.690001,265000
2012-12-05,26.719999,27.049999,26.24,26.65,26.65,358400
2012-12-06,26.629999,27.4,26.58,27.17,27.17,266400
2012-12-07,27.370001,27.450001,26.780001,27.4,27.4,304900
2012-12-10,27.360001,28.190001,26.77,28.15,28.15,298400
2012-12-11,28.24,28.370001,27.950001,28.25,28.25,204400
2012-12-12,28.290001,29.040001,28.290001,28.76,28.76,311700
2012-12-13,28.700001,29.139999,28.59,28.9,28.9,294100
2012-12-14,28.76,29.209999,28.59,28.83,28.83,561500
2012-12-17,28.870001,29.25,28.49,28.709999,28.709999,187300
2012-12-18,28.690001,28.950001,28.52,28.940001,28.940001,108200
2012-12-19,29.040001,29.139999,28.690001,28.870001,28.870001,105300
2012-12-20,28.940001,29.459999,28.84,29.24,29.24,285500
2012-12-21,28.93,29.690001,28.59,29.559999,29.559999,435700
2012-12-24,29.6,29.700001,29.190001,29.4,29.4,83200
2012-12-26,29.440001,29.75,29.32,29.57,29.57,189600
2012-12-27,29.559999,29.77,29.309999,29.65,29.65,187900
2012-12-28,29.49,30.16,29.49,29.950001,29.950001,140700
2012-12-31,29.9,30.719999,29.66,30.620001,30.620001,149600
2013-01-02,31.32,31.34,30.309999,30.709999,30.709999,323100
2013-01-03,30.73,30.99,30.27,30.48,30.48,256500
2013-01-04,30.66,30.959999,30.450001,30.540001,30.540001,168400
2013-01-07,30.5,30.549999,30.1,30.15,30.15,151300
2013-01-08,30.290001,31.49,30.15,31.059999,31.059999,435000
2013-01-09,31.23,31.379999,30.450001,30.450001,30.450001,261100
2013-01-10,30.77,30.9,30.23,30.440001,30.440001,170800
2013-01-11,30.5,30.639999,30.02,30.25,30.25,62700
2013-01-14,30.25,30.51,29.959999,30.1,30.1,312600
2013-01-15,30.030001,30.5,29.83,30.450001,30.450001,268300
2013-01-16,30.389999,30.5,30.01,30.26,30.26,258800
2013-01-17,30.98,30.98,30.139999,30.209999,30.209999,236000
2013-01-18,30.25,30.280001,29.33,29.610001,29.610001,323700
2013-01-22,29.52,29.620001,29.379999,29.459999,29.459999,186000
2013-01-23,29.35,29.469999,29.09,29.120001,29.120001,98600
2013-01-24,29.08,29.25,28.77,28.92,28.92,219500
2013-01-25,29,30.040001,29,29.629999,29.629999,715100
2013-01-28,29.74,30.379999,29.559999,30.110001,30.110001,486600
2013-01-29,30.18,30.200001,29.700001,30.190001,30.190001,195500
2013-01-30,30.040001,30.379999,29.780001,30.059999,30.059999,229000
2013-01-31,30,30.290001,29.870001,30.09,30.09,144200
2013-02-01,30.120001,30.76,30.120001,30.440001,30.440001,148500
2013-02-04,30.34,30.629999,30.200001,30.299999,30.299999,116900
2013-02-05,30.370001,30.74,30.02,30.58,30.58,259300
2013-02-06,30.51,30.82,30.34,30.719999,30.719999,68100
2013-02-07,30.719999,30.719999,30.110001,30.49,30.49,191700
2013-02-08,30.440001,31,30.440001,30.719999,30.719999,54600
2013-02-11,30.620001,30.799999,30.48,30.65,30.65,78700
2013-02-12,30.709999,31.120001,30.709999,30.93,30.93,108200
2013-02-13,30.93,31.360001,30.799999,31.299999,31.299999,232200
2013-02-14,31.700001,33.07,30.879999,32.689999,32.689999,250800
2013-02-15,32.900002,32.900002,31.85,32.169998,32.169998,310600
2013-02-19,32.18,32.439999,32,32.360001,32.360001,83100
2013-02-20,32.400002,32.610001,32.18,32.23,32.23,231100
2013-02-21,32.130001,32.150002,31.709999,31.9,31.9,144500
2013-02-22,32.110001,32.610001,31.5,31.809999,31.809999,182200
2013-02-25,31.98,32.209999,31.280001,31.34,31.34,132400
2013-02-26,31.51,31.51,27.879999,29.08,29.08,784300
2013-02-27,29,29.879999,28.870001,29.780001,29.780001,592400
2013-02-28,29.690001,29.959999,29.459999,29.549999,29.549999,270600
2013-03-01,29.389999,29.879999,29,29.82,29.82,246200
2013-03-04,29.77,30.129999,29.41,29.860001,29.860001,141500
2013-03-05,30.02,30.299999,29.68,30.07,30.07,140900
2013-03-06,30.200001,31.67,30.200001,30.879999,30.879999,283500
2013-03-07,30.889999,31.34,30.889999,31.219999,31.219999,213200
2013-03-08,31.549999,31.549999,30.809999,31.08,31.08,182100
2013-03-11,31.02,31.1,30.469999,30.549999,30.549999,108800
2013-03-12,30.530001,30.530001,29.59,29.9,29.9,212500
2013-03-13,29.969999,29.969999,29.469999,29.9,29.9,156600
2013-03-14,29.879999,30.309999,29.74,30.290001,30.290001,216300
2013-03-15,30.309999,30.77,30.309999,30.65,30.65,218000
2013-03-18,30.450001,30.780001,30.43,30.5,30.5,133400
2013-03-19,30.620001,30.719999,30.360001,30.51,30.51,465300
2013-03-20,30.709999,30.799999,30.299999,30.450001,30.450001,83800
2013-03-21,30.290001,30.440001,29.610001,29.700001,29.700001,129900
2013-03-22,29.75,29.809999,28.860001,29.360001,29.360001,422500
2013-03-25,29.48,29.92,29.25,29.620001,29.620001,75400
2013-03-26,29.77,30.07,29.75,30,30,60500
2013-03-27,29.799999,30.01,29.530001,29.67,29.67,118500
2013-03-28,29.74,30.209999,29.51,30.1,30.1,148600
2013-04-01,30.1,30.139999,29.049999,29.620001,29.620001,277800
2013-04-02,29.73,30.02,29.26,29.309999,29.309999,79000
2013-04-03,29.280001,29.469999,29.040001,29.049999,29.049999,192900
2013-04-04,29.049999,29.110001,28.629999,28.870001,28.870001,68600
2013-04-05,28.52,28.75,28.27,28.530001,28.530001,129800
2013-04-08,28.620001,28.98,28.219999,28.9,28.9,143700
2013-04-09,28.9,28.9,28.4,28.59,28.59,118300
2013-04-10,28.59,29.33,28.5,28.84,28.84,133400
2013-04-11,28.76,29,28.58,28.969999,28.969999,209500
2013-04-12,28.93,29.1,28.799999,28.969999,28.969999,128700
2013-04-15,29.049999,29.049999,27.85,28,28,211000
2013-04-16,28.110001,28.26,27.82,28.120001,28.120001,142700
2013-04-17,27.969999,27.969999,27.35,27.57,27.57,343400
2013-04-18,27.700001,27.700001,27.059999,27.219999,27.219999,134200
2013-04-19,27.24,27.309999,26.98,27.129999,27.129999,177300
2013-04-22,27.129999,27.25,26.93,27.030001,27.030001,175000
2013-04-23,27.040001,27.709999,26.84,27.6,27.6,342300
2013-04-24,27.66,28.35,27.629999,27.92,27.92,236700
2013-04-25,28.26,28.559999,27.940001,28.299999,28.299999,213800
2013-04-26,28.15,28.360001,27.98,28.200001,28.200001,179700
2013-04-29,28.200001,28.5,28,28.25,28.25,320300
2013-04-30,28.15,28.559999,28,28.49,28.49,159300
2013-05-01,28.49,28.68,28.190001,28.559999,28.559999,253000
2013-05-02,28.59,29.530001,28.58,29.440001,29.440001,299200
2013-05-03,29.68,29.889999,29.389999,29.74,29.74,176600
2013-05-06,29.76,29.879999,29.41,29.799999,29.799999,105000
2013-05-07,29.76,30.059999,29.620001,30.040001,30.040001,105000
2013-05-08,30.040001,30.049999,29.52,29.9,29.9,151700
2013-05-09,30,30.209999,29.92,30.16,30.16,164200
2013-05-10,31,31.389999,30.209999,31.1,31.1,560000
2013-05-13,30.959999,31.290001,30.799999,30.91,30.91,96700
2013-05-14,30.91,31.370001,30.82,31.32,31.32,215500
2013-05-15,31.32,32.849998,31.059999,32.779999,32.779999,295100
2013-05-16,32.790001,33.360001,32.490002,33.009998,33.009998,187700
2013-05-17,33.049999,33.439999,32.849998,33.119999,33.119999,148600
2013-05-20,32.880001,33.099998,32.75,33.040001,33.040001,161600
2013-05-21,33.130001,33.5,32.98,33.299999,33.299999,103000
2013-05-22,33.290001,33.75,32.639999,32.84,32.84,230300
2013-05-23,32.529999,33.689999,32.200001,33.330002,33.330002,236800
2013-05-24,33.330002,34.119999,32.970001,34,34,179300
2013-05-28,34.32,35.169998,34.310001,35,35,210800
2013-05-29,34.700001,35.41,34.700001,35.130001,35.130001,273300
2013-05-30,35.209999,36.349998,35.009998,35.860001,35.860001,298000
2013-05-31,35.700001,35.950001,35.310001,35.669998,35.669998,260800
2013-06-03,35.560001,36.470001,35.220001,36.360001,36.360001,237400
2013-06-04,36.439999,36.75,36.099998,36.43,36.43,296000
2013-06-05,36.279999,36.48,35.540001,35.849998,35.849998,185100
2013-06-06,35.970001,36.830002,35.73,36.490002,36.490002,289400
2013-06-07,36.75,37.5,36.34,37.27,37.27,149500
2013-06-10,36.41,37.200001,36.41,37.16,37.16,293700
2013-06-11,36.77,37.029999,36.419998,36.98,36.98,207300
2013-06-12,37.060001,37.610001,37.060001,37.299999,37.299999,288700
2013-06-13,37.389999,38.66,36.959999,38.299999,38.299999,556900
2013-06-14,37.950001,38,36.009998,37.360001,37.360001,650000
2013-06-17,37.099998,37.299999,36.27,36.970001,36.970001,499400
2013-06-18,36.91,36.91,35.110001,35.169998,35.169998,654000
2013-06-19,35.169998,35.259998,34.490002,34.57,34.57,2278600
2013-06-20,34.169998,34.830002,34.130001,34.25,34.25,510700
2013-06-21,34.41,34.84,34.130001,34.32,34.32,479000
2013-06-24,34.189999,34.189999,32.82,33.349998,33.349998,333300
2013-06-25,33.68,33.91,33.150002,33.25,33.25,292500
2013-06-26,33.419998,33.830002,32.939999,33.060001,33.060001,269800
2013-06-27,33.209999,33.73,33.139999,33.610001,33.610001,239000
2013-06-28,33.459999,33.790001,33.02,33.110001,33.110001,618300
2013-07-01,33.240002,33.939999,33.119999,33.650002,33.650002,251300
2013-07-02,33.57,33.939999,33.279999,33.849998,33.849998,362700
2013-07-03,33.779999,34.099998,33.470001,33.91,33.91,191100
2013-07-05,34.009998,34.25,33.959999,34.240002,34.240002,175200
2013-07-08,34.439999,34.450001,33.279999,33.549999,33.549999,275200
2013-07-09,34.279999,34.700001,33.93,34.130001,34.130001,241200
2013-07-10,34.049999,34.389999,33.130001,33.5,33.5,244300
2013-07-11,33.759998,33.759998,32.860001,33.130001,33.130001,278000
2013-07-12,33.09,33.209999,32.68,32.959999,32.959999,136800
2013-07-15,32.959999,33.450001,32.849998,33.040001,33.040001,189400
2013-07-16,33.099998,33.77,32.869999,33.77,33.77,241100
2013-07-17,33.959999,35.16,33.889999,35,35,290400
2013-07-18,35.240002,35.540001,34.720001,35.07,35.07,484200
2013-07-19,34.889999,35.380001,34.790001,34.950001,34.950001,178300
2013-07-22,34.82,35.209999,34.619999,35.150002,35.150002,209400
2013-07-23,35.169998,35.34,34.900002,35.34,35.34,246600
2013-07-24,35.41,35.880001,35.279999,35.720001,35.720001,164700
2013-07-25,35.75,36.799999,35.720001,36.5,36.5,252100
2013-07-26,36.290001,36.950001,36.009998,36.75,36.75,135500
2013-07-29,36.700001,37.209999,36.349998,36.700001,36.700001,237900
2013-07-30,36.740002,37.650002,36.490002,36.880001,36.880001,377200
2013-07-31,36.919998,39.439999,36.880001,38.860001,38.860001,797500
2013-08-01,39.09,39.779999,38.93,39.529999,39.529999,269500
2013-08-02,39.380001,40.619999,39.380001,40.369999,40.369999,261200
2013-08-05,40.349998,40.48,39.700001,39.950001,39.950001,261500
2013-08-06,39.91,40.09,39.619999,39.959999,39.959999,185400
2013-08-07,39.82,39.98,39.27,39.830002,39.830002,226600
2013-08-08,40.110001,40.459999,39.900002,39.959999,39.959999,213100
2013-08-09,40,44.860001,39.639999,44.290001,44.290001,872300
2013-08-12,44.189999,44.990002,43.849998,44.189999,44.189999,525300
2013-08-13,44,44.310001,43.400002,43.75,43.75,415100
2013-08-14,43.779999,45.16,43.560001,44.669998,44.669998,498400
2013-08-15,44.299999,44.299999,43.68,44.09,44.09,264400
2013-08-16,43.77,44.299999,43.599998,43.950001,43.950001,532500
2013-08-19,43.849998,43.939999,43.5,43.540001,43.540001,262500
2013-08-20,43.529999,43.889999,43.009998,43.57,43.57,248400
2013-08-21,43.5,43.799999,43.25,43.610001,43.610001,264200
2013-08-22,43.610001,43.959999,43.290001,43.669998,43.669998,92300
2013-08-23,43.68,43.810001,43.5,43.630001,43.630001,88200
2013-08-26,43.59,43.66,43.25,43.419998,43.419998,223900
2013-08-27,43.169998,43.360001,42.349998,42.82,42.82,179900
2013-08-28,42.720001,43.459999,42.450001,43.029999,43.029999,262100
2013-08-29,42.959999,43.220001,42.43,42.650002,42.650002,104300
2013-08-30,42.549999,43,42.290001,42.869999,42.869999,179600
2013-09-03,43.119999,43.119999,42.18,42.57,42.57,88000
2013-09-04,42.57,43.189999,42.450001,42.959999,42.959999,246200
2013-09-05,43.700001,44.09,42.689999,43.75,43.75,216300
2013-09-06,43.900002,44.349998,43.41,43.560001,43.560001,144300
2013-09-09,43.549999,44.16,43.360001,43.599998,43.599998,128400
2013-09-10,43.700001,44.16,43.599998,43.860001,43.860001,191100
2013-09-11,43.790001,43.790001,43.450001,43.529999,43.529999,91200
2013-09-12,43.360001,43.68,43.25,43.389999,43.389999,129100
2013-09-13,43.400002,43.549999,43.209999,43.349998,43.349998,188600
2013-09-16,43.720001,43.959999,43.400002,43.43,43.43,105500
2013-09-17,43.34,44.139999,43.259998,44.099998,44.099998,277100
2013-09-18,44.099998,45,42.529999,44.889999,44.889999,240400
2013-09-19,44.970001,46,44.970001,45.439999,45.439999,196800
2013-09-20,45.75,46.970001,45.610001,46.369999,46.369999,486100
2013-09-23,46.169998,46.25,45.75,45.91,45.91,206100
2013-09-24,46.07,46.740002,45.810001,46.200001,46.200001,158400
2013-09-25,46.299999,46.299999,45.419998,45.490002,45.490002,122800
2013-09-26,45.68,45.849998,45.009998,45.48,45.48,124500
2013-09-27,45.259998,45.689999,45.119999,45.599998,45.599998,135000
2013-09-30,45.380001,45.869999,45.02,45.77,45.77,151300
2013-10-01,45.919998,46.919998,45.77,46.880001,46.880001,92400
2013-10-02,46.810001,48.310001,46.810001,48.110001,48.110001,278000
2013-10-03,48.02,48.619999,46.759998,47.240002,47.240002,334600
2013-10-04,47.110001,47.52,46.779999,46.849998,46.849998,256700
2013-10-07,46.66,46.669998,45.84,46.029999,46.029999,222400
2013-10-08,45.959999,46.349998,45.290001,46.330002,46.330002,328900
2013-10-09,46.380001,46.580002,46.049999,46.169998,46.169998,229300
2013-10-10,46.57,47.759998,46.57,47.639999,47.639999,444000
2013-10-11,47.720001,48.139999,47.32,48.119999,48.119999,149700
2013-10-14,47.990002,49.060001,47.82,48.970001,48.970001,218800
2013-10-15,49.009998,49.84,48.709999,49.07,49.07,603600
2013-10-16,49.23,49.639999,47.959999,48.220001,48.220001,338200
2013-10-17,48.099998,48.639999,48,48.299999,48.299999,182700
2013-10-18,48.59,49.119999,48,48.689999,48.689999,144600
2013-10-21,48.860001,49.240002,48.779999,48.880001,48.880001,99800
2013-10-22,49,49.049999,48.080002,48.32,48.32,455500
2013-10-23,48.139999,48.490002,47.09,48.360001,48.360001,215300
2013-10-24,48.330002,50.110001,48.029999,49.68,49.68,135700
2013-10-25,49.830002,49.900002,49.419998,49.59,49.59,166800
2013-10-28,49.400002,50.150002,49.32,49.810001,49.810001,135800
2013-10-29,50.009998,50.439999,49.599998,50.279999,50.279999,191900
2013-10-30,50.279999,50.919998,49.91,50.509998,50.509998,170500
2013-10-31,50.509998,50.509998,48.209999,48.849998,48.849998,612100
2013-11-01,48.77,49.200001,47.110001,47.380001,47.380001,377600
2013-11-04,47.43,48.419998,47.07,47.299999,47.299999,435300
2013-11-05,47.23,47.799999,46.950001,47.080002,47.080002,231600
2013-11-06,47.380001,47.48,46.52,47,47,98100
2013-11-07,47,47,45.68,45.919998,45.919998,226500
2013-11-08,50.490002,51.950001,46.720001,47.450001,47.450001,1256800
2013-11-11,47.5,47.93,47.099998,47.630001,47.630001,268300
2013-11-12,47.650002,48.169998,47.169998,47.599998,47.599998,256500
2013-11-13,47.43,47.43,46,46.889999,46.889999,257800
2013-11-14,46.939999,47.669998,46.450001,47.330002,47.330002,211500
2013-11-15,47.23,47.549999,46.599998,47.310001,47.310001,150700
2013-11-18,47.299999,47.599998,46.18,46.68,46.68,166800
2013-11-19,46.669998,46.98,46.139999,46.380001,46.380001,98900
2013-11-20,46.5,46.799999,46,46.16,46.16,240100
2013-11-21,46.16,47.110001,45.900002,46.68,46.68,295800
2013-11-22,46.880001,47.09,46.439999,46.68,46.68,299300
2013-11-25,46.689999,47.119999,46.150002,47.040001,47.040001,249100
2013-11-26,46.970001,47.18,46.57,47.060001,47.060001,179700
2013-11-27,47.080002,47.799999,46.98,47.75,47.75,196200
2013-11-29,47.75,47.830002,47.240002,47.689999,47.689999,43900
2013-12-02,47.549999,47.810001,46.790001,47.150002,47.150002,271200
2013-12-03,47.110001,47.889999,47.110001,47.779999,47.779999,296500
2013-12-04,47.43,47.779999,46.57,47.299999,47.299999,368900
2013-12-05,47.16,47.330002,46.73,46.93,46.93,186000
2013-12-06,47.27,47.82,46.48,47.060001,47.060001,248900
2013-12-09,46.950001,47.439999,46.27,46.599998,46.599998,253600
2013-12-10,46.439999,46.880001,46.130001,46.240002,46.240002,239100
2013-12-11,46.279999,46.32,45.200001,45.439999,45.439999,291000
2013-12-12,45.490002,45.529999,44.75,45.380001,45.380001,201100
2013-12-13,45.549999,45.740002,44.73,44.84,44.84,165200
2013-12-16,44.849998,45.419998,44.34,45.16,45.16,143100
2013-12-17,45.080002,45.57,44.810001,45.560001,45.560001,186300
2013-12-18,45.619999,46.509998,45.48,46.41,46.41,226100
2013-12-19,46.32,46.799999,45.889999,46.18,46.18,232400
2013-12-20,46.34,47.240002,45.68,47.169998,47.169998,408600
2013-12-23,47.560001,49.049999,46.900002,48.810001,48.810001,392400
2013-12-24,48.970001,50.099998,48.619999,49.59,49.59,142300
2013-12-26,49.68,50.32,49.25,49.5,49.5,226500
2013-12-27,49.689999,49.950001,49.259998,49.619999,49.619999,204800
2013-12-30,49.470001,50.169998,49.139999,49.77,49.77,185400
2013-12-31,49.970001,50.84,49.639999,50.259998,50.259998,256700
2014-01-02,50.029999,50.209999,48.830002,49.529999,49.529999,258700
2014-01-03,49.52,49.75,49.130001,49.299999,49.299999,191100
2014-01-06,49.470001,49.700001,48.580002,48.830002,48.830002,240600
2014-01-07,49.09,49.790001,48.779999,49.529999,49.529999,243500
2014-01-08,49.5,50.990002,48.990002,50.419998,50.419998,379000
2014-01-09,50.610001,50.970001,49.59,49.939999,49.939999,220800
2014-01-10,50.09,50.09,49.48,49.93,49.93,151000
2014-01-13,49.880001,49.98,48.419998,49.02,49.02,221300
2014-01-14,49.290001,49.93,48.599998,49.240002,49.240002,131800
2014-01-15,49.360001,49.360001,48.400002,48.810001,48.810001,208400
2014-01-16,48.810001,49.549999,48.709999,49.380001,49.380001,301000
2014-01-17,49.360001,49.360001,48.400002,48.509998,48.509998,133600
2014-01-21,48.509998,48.700001,46.150002,47.400002,47.400002,462300
2014-01-22,47.400002,48.25,47.150002,47.669998,47.669998,274700
2014-01-23,47.610001,48.34,47.099998,48.23,48.23,203800
2014-01-24,47.900002,48.66,47.16,47.360001,47.360001,273900
2014-01-27,47.599998,49.610001,47.349998,47.400002,47.400002,340600
2014-01-28,47.439999,48.16,46.91,47.740002,47.740002,227200
2014-01-29,47.400002,48.040001,47.02,47.029999,47.029999,216200
2014-01-30,47.349998,47.919998,47.07,47.529999,47.529999,172100
2014-01-31,46.990002,47.990002,46.990002,47.59,47.59,179800
2014-02-03,47.77,48.07,46.369999,46.75,46.75,312200
2014-02-04,46.990002,47.310001,46.580002,47.209999,47.209999,211900
2014-02-05,47.040001,47.509998,46.189999,47.200001,47.200001,128000
2014-02-06,47.41,48.09,47.130001,48,48,142800
2014-02-07,48.139999,49.18,47.970001,49.040001,49.040001,224700
2014-02-10,49.119999,49.990002,48.040001,49.07,49.07,225100
2014-02-11,49.150002,49.389999,48.540001,49.029999,49.029999,132000
2014-02-12,49.18,50.119999,48.959999,49.59,49.59,294400
2014-02-13,49.310001,51.200001,49.23,50.639999,50.639999,205800
2014-02-14,50.66,51.310001,50.110001,51.099998,51.099998,136900
2014-02-18,51.290001,51.290001,49.299999,49.959999,49.959999,234800
2014-02-19,49.599998,50.07,49.02,49.130001,49.130001,138800
2014-02-20,49.169998,49.669998,48.889999,49.299999,49.299999,289400
2014-02-21,49.450001,49.630001,49.009998,49.209999,49.209999,265500
2014-02-24,49.419998,49.529999,49.16,49.220001,49.220001,524700
2014-02-25,49.259998,50.23,48.830002,49.459999,49.459999,320600
2014-02-26,48.689999,51.110001,48.689999,50,50,834500
2014-02-27,49.950001,50.5,49.25,49.669998,49.669998,287600
2014-02-28,49.75,49.93,47.84,48.619999,48.619999,294800
2014-03-03,48.23,48.720001,48.009998,48.439999,48.439999,184900
2014-03-04,48.939999,49.75,48.860001,49.330002,49.330002,231800
2014-03-05,47.790001,47.919998,46.849998,47.509998,47.509998,770700
2014-03-06,47.540001,49.130001,47.27,48.709999,48.709999,1679700
2014-03-07,49.110001,49.439999,48.32,48.689999,48.689999,479500
2014-03-10,48.720001,49.119999,47.759998,48.82,48.82,516500
2014-03-11,48.810001,49.349998,48.509998,48.810001,48.810001,299000
2014-03-12,48.5,48.580002,47.919998,48.419998,48.419998,268900
2014-03-13,48.330002,48.380001,47.07,47.110001,47.110001,425900
2014-03-14,46.790001,47.52,46.549999,47.27,47.27,367500
2014-03-17,47.57,48.049999,47.150002,47.25,47.25,149300
2014-03-18,47.369999,47.5,47.049999,47.25,47.25,414000
2014-03-19,47.360001,47.450001,46.790001,47.220001,47.220001,286200
2014-03-20,47.119999,47.529999,46.560001,47.009998,47.009998,396000
2014-03-21,47.349998,47.349998,46.09,46.43,46.43,434200
2014-03-24,46.580002,46.880001,45.639999,46.27,46.27,240100
2014-03-25,46.490002,46.849998,45.82,46.029999,46.029999,168000
2014-03-26,46.23,46.23,45.240002,45.240002,45.240002,288100
2014-03-27,45.400002,45.610001,45.189999,45.330002,45.330002,479800
2014-03-28,45.290001,45.48,45.049999,45.25,45.25,249600
2014-03-31,45.360001,45.900002,45.119999,45.700001,45.700001,234300
2014-04-01,45.650002,46.32,45.59,46.060001,46.060001,319400
2014-04-02,45.98,46.549999,45.849998,46.470001,46.470001,339000
2014-04-03,46.540001,46.779999,46,46.23,46.23,269800
2014-04-04,46.560001,46.68,45,45.439999,45.439999,234400
2014-04-07,45.150002,45.52,44.939999,45.09,45.09,331900
2014-04-08,45.080002,45.509998,44.5,44.970001,44.970001,401500
2014-04-09,45,45.48,44.77,45.169998,45.169998,306300
2014-04-10,45.259998,45.470001,44.290001,44.43,44.43,289200
2014-04-11,44.259998,45,44.009998,44.5,44.5,331200
2014-04-14,44.880001,45,43.970001,44.5,44.5,271200
2014-04-15,44.529999,44.860001,43.59,44.119999,44.119999,332700
2014-04-16,44.400002,45,43.669998,44.470001,44.470001,195900
2014-04-17,44.470001,45.330002,44.09,45.16,45.16,205000
2014-04-21,45.110001,45.610001,44.740002,45.540001,45.540001,228500
2014-04-22,45.610001,45.77,45.209999,45.580002,45.580002,277500
2014-04-23,45.630001,45.869999,45.169998,45.48,45.48,249200
2014-04-24,45.799999,45.93,44.709999,45.009998,45.009998,247600
2014-04-25,44.869999,44.970001,43.610001,43.73,43.73,241300
2014-04-28,43.880001,44.380001,42.900002,43.23,43.23,268900
2014-04-29,43.459999,43.849998,42.93,42.959999,42.959999,243900
2014-04-30,42.830002,43.27,42.009998,43.220001,43.220001,262500
2014-05-01,43.23,43.82,42.439999,43.779999,43.779999,362300
2014-05-02,43.91,44.709999,43.779999,44.450001,44.450001,296900
2014-05-05,44.130001,44.139999,42.91,43.380001,43.380001,170400
2014-05-06,43.189999,43.700001,42.91,43.299999,43.299999,385700
2014-05-07,43.439999,43.639999,42.5,43.529999,43.529999,307700
2014-05-08,43.32,43.73,42.799999,43.169998,43.169998,171400
2014-05-09,45,45.349998,44,44.759998,44.759998,360200
2014-05-12,44.950001,44.959999,43.889999,44.220001,44.220001,280200
2014-05-13,44.23,44.380001,43.68,43.68,43.68,385900
2014-05-14,43.619999,43.630001,42.740002,42.799999,42.799999,425700
2014-05-15,42.810001,43.189999,40.650002,41.310001,41.310001,660000
2014-05-16,41.169998,41.790001,40.950001,41.360001,41.360001,435500
2014-05-19,41.139999,41.959999,40.970001,41.700001,41.700001,469900
2014-05-20,41.66,41.689999,40.700001,40.860001,40.860001,385700
2014-05-21,41.139999,41.650002,40.619999,41.34,41.34,228900
2014-05-22,41.41,42.099998,41.200001,41.869999,41.869999,151200
2014-05-23,41.990002,42.869999,41.889999,42.580002,42.580002,266900
2014-05-27,42.830002,44.59,42.599998,44.529999,44.529999,359500
2014-05-28,44.470001,44.470001,43.799999,43.93,43.93,177400
2014-05-29,44.119999,44.119999,43.34,43.77,43.77,114000
2014-05-30,43.849998,43.849998,43.200001,43.290001,43.290001,121500
2014-06-02,45.169998,45.169998,42.900002,43.099998,43.099998,195700
2014-06-03,42.990002,43.18,42.400002,42.91,42.91,172800
2014-06-04,42.689999,43.279999,42.439999,43.189999,43.189999,81500
2014-06-05,43.349998,44.139999,43.09,43.98,43.98,171700
2014-06-06,44.209999,44.900002,43.700001,44.869999,44.869999,153100
2014-06-09,44.790001,45.330002,44.700001,45.290001,45.290001,230500
2014-06-10,45.209999,45.450001,44.77,45.450001,45.450001,94600
2014-06-11,45.34,45.490002,45.049999,45.25,45.25,180800
2014-06-12,45,45.060001,44.400002,44.650002,44.650002,167000
2014-06-13,44.84,44.84,44,44.77,44.77,193500
2014-06-16,44.639999,44.880001,43.919998,44.59,44.59,202200
2014-06-17,44.610001,45.700001,44.52,45.27,45.27,290900
2014-06-18,45.220001,45.41,44.790001,45.299999,45.299999,125400
2014-06-19,45.380001,45.450001,44.849998,45.240002,45.240002,79900
2014-06-20,45.419998,45.549999,44.799999,45.459999,45.459999,204400
2014-06-23,45.549999,45.610001,44.82,45.459999,45.459999,105500
2014-06-24,45.290001,45.860001,44.98,45.139999,45.139999,151200
2014-06-25,45.060001,45.209999,44.669998,45.189999,45.189999,101900
2014-06-26,45.150002,45.150002,44.689999,45.02,45.02,90100
2014-06-27,44.970001,45.580002,44.970001,45.470001,45.470001,261200
2014-06-30,45.299999,45.439999,44.93,45.419998,45.419998,174500
2014-07-01,45.540001,46.389999,45.48,45.990002,45.990002,222300
2014-07-02,45.91,46.400002,45.700001,45.889999,45.889999,141000
2014-07-03,45.98,46.09,45.439999,45.880001,45.880001,74500
2014-07-07,45.68,46,44.759998,45.009998,45.009998,127400
2014-07-08,44.84,44.869999,44.34,44.810001,44.810001,181400
2014-07-09,44.900002,45.23,44.400002,44.75,44.75,197400
2014-07-10,44.02,44.330002,43.549999,44,44,164200
2014-07-11,43.799999,43.98,43.330002,43.490002,43.490002,185200
2014-07-14,43.900002,43.900002,43.279999,43.48,43.48,155000
2014-07-15,43.59,43.799999,42.68,42.889999,42.889999,131300
2014-07-16,43.16,43.330002,42.830002,43.02,43.02,170600
2014-07-17,43,43.27,42.459999,42.630001,42.630001,125000
2014-07-18,42.419998,42.98,42.099998,42.93,42.93,225200
2014-07-21,42.639999,42.73,42.080002,42.130001,42.130001,139200
2014-07-22,42.299999,43.029999,42.110001,42.93,42.93,222100
2014-07-23,42.869999,43.32,42.57,42.919998,42.919998,212100
2014-07-24,43.09,43.299999,42.599998,42.790001,42.790001,203300
2014-07-25,42.419998,43,42.419998,42.84,42.84,132600
2014-07-28,42.82,42.91,42.240002,42.830002,42.830002,93100
2014-07-29,42.889999,43.150002,42.720001,42.869999,42.869999,147200
2014-07-30,43.18,43.41,42.669998,43.290001,43.290001,119800
2014-07-31,42.889999,43.669998,42.099998,42.48,42.48,174300
2014-08-01,42.560001,42.77,42.099998,42.59,42.59,284100
2014-08-04,42.720001,42.84,42.040001,42.540001,42.540001,268700
2014-08-05,42.299999,43.16,42.169998,43.099998,43.099998,150200
2014-08-06,42.779999,43.240002,42.619999,43.049999,43.049999,276900
2014-08-07,43.150002,43.599998,42.889999,43.16,43.16,170400
2014-08-08,42.619999,44.470001,42.619999,43.700001,43.700001,294100
2014-08-11,43.950001,44.509998,43.84,44.18,44.18,189600
2014-08-12,44.040001,44.599998,43.360001,43.77,43.77,216800
2014-08-13,43.77,43.77,43.02,43.34,43.34,197800
2014-08-14,43.540001,43.919998,42.990002,43.869999,43.869999,321300
2014-08-15,44.150002,44.279999,43.32,43.709999,43.709999,445600
2014-08-18,44.07,44.540001,43.900002,44.450001,44.450001,280100
2014-08-19,44.299999,44.830002,44.18,44.650002,44.650002,227200
2014-08-20,44.580002,44.709999,44.049999,44.23,44.23,92900
2014-08-21,44.389999,44.630001,43.869999,44.450001,44.450001,246600
2014-08-22,44.43,44.700001,44.139999,44.330002,44.330002,222600
2014-08-25,44.310001,44.470001,43.900002,44.189999,44.189999,210300
2014-08-26,44.099998,44.540001,44.07,44.330002,44.330002,218200
2014-08-27,44.349998,44.66,44.110001,44.299999,44.299999,172700
2014-08-28,44.23,44.240002,43.849998,44.139999,44.139999,159600
2014-08-29,44.18,44.419998,43.990002,44.389999,44.389999,251800
2014-09-02,44.580002,45.049999,44.279999,44.82,44.82,116700
2014-09-03,45.099998,45.299999,44.73,45.09,45.09,175700
2014-09-04,44.799999,45.869999,44.799999,45.610001,45.610001,541400
2014-09-05,45.459999,45.75,45.200001,45.689999,45.689999,223500
2014-09-08,45.57,46,45.299999,45.580002,45.580002,191100
2014-09-09,45.450001,45.639999,45.209999,45.450001,45.450001,195500
2014-09-10,45.43,45.639999,45.32,45.57,45.57,204100
2014-09-11,45.290001,45.849998,45.290001,45.830002,45.830002,150200
2014-09-12,45.860001,45.860001,45,45.240002,45.240002,167600
2014-09-15,45.200001,45.580002,44.509998,44.700001,44.700001,168900
2014-09-16,44.540001,45.080002,44.400002,45.029999,45.029999,215500
2014-09-17,45.09,45.32,44.810001,45.09,45.09,223900
2014-09-18,45.25,45.619999,44.950001,45.599998,45.599998,135300
2014-09-19,45.650002,45.950001,45.389999,45.650002,45.650002,980600
2014-09-22,45.470001,46.029999,45.200001,45.290001,45.290001,165400
2014-09-23,45.18,45.279999,44.950001,45.060001,45.060001,346600
2014-09-24,45.040001,45.27,44.77,45.209999,45.209999,133000
2014-09-25,45.150002,45.150002,44.419998,44.709999,44.709999,226100
2014-09-26,44.779999,45.330002,44.450001,45.049999,45.049999,249700
2014-09-29,44.720001,45.029999,44.41,44.830002,44.830002,340100
2014-09-30,44.880001,44.98,44.16,44.310001,44.310001,702000
2014-10-01,44.18,44.5,43.669998,44.259998,44.259998,207600
2014-10-02,44.189999,44.84,43.900002,44.5,44.5,634900
2014-10-03,44.900002,45.110001,44.02,44.099998,44.099998,217000
2014-10-06,44.16,44.5,43.599998,43.849998,43.849998,133100
2014-10-07,43.669998,43.669998,42.939999,43.099998,43.099998,316200
2014-10-08,43.029999,43.419998,42.360001,43.209999,43.209999,319600
2014-10-09,43.25,43.41,42.43,42.5,42.5,193200
2014-10-10,42.310001,43,41.490002,41.630001,41.630001,348600
2014-10-13,41.630001,42,41.259998,41.41,41.41,214600
2014-10-14,41.610001,42.09,41.16,41.630001,41.630001,320400
2014-10-15,41,41.889999,40.790001,41.48,41.48,412000
2014-10-16,40.91,41.919998,40.77,41.68,41.68,341600
2014-10-17,42,42.610001,41.490002,41.990002,41.990002,279800
2014-10-20,41.900002,42.740002,41.599998,42.400002,42.400002,243700
2014-10-21,42.599998,43.029999,41.900002,42.919998,42.919998,124600
2014-10-22,42.720001,43.27,42.32,42.349998,42.349998,112400
2014-10-23,42.779999,43.389999,42.779999,42.900002,42.900002,131800
2014-10-24,43.02,43.25,42.709999,42.889999,42.889999,111800
2014-10-27,42.849998,43.25,42.43,43.110001,43.110001,104000
2014-10-28,43.32,44.700001,43.09,44.540001,44.540001,384800
2014-10-29,44.5,44.830002,44.02,44.220001,44.220001,191200
2014-10-30,44.02,45.240002,44.02,44.799999,44.799999,276800
2014-10-31,45.450001,45.59,44.880001,45.509998,45.509998,319900
2014-11-03,45.599998,45.66,44.98,45,45,243800
2014-11-04,45.009998,45.330002,44.639999,44.849998,44.849998,186500
2014-11-05,45.07,45.450001,44.639999,45.119999,45.119999,108800
2014-11-06,45.23,45.259998,44.619999,44.849998,44.849998,143000
2014-11-07,45.610001,46.18,44.860001,45.41,45.41,246400
2014-11-10,45.59,45.720001,44.93,45.23,45.23,379300
2014-11-11,45.34,45.400002,44.93,45.32,45.32,131900
2014-11-12,45.169998,45.84,45.130001,45.73,45.73,102700
2014-11-13,45.66,45.889999,45.119999,45.23,45.23,106000
2014-11-14,45.27,45.330002,44.43,44.619999,44.619999,118000
2014-11-17,44.459999,45,44.27,44.529999,44.529999,235800
2014-11-18,44.57,44.970001,44.099998,44.68,44.68,482100
2014-11-19,44.5,44.580002,43.259998,43.400002,43.400002,227500
2014-11-20,43.34,43.34,42.310001,42.400002,42.400002,211500
2014-11-21,42.880001,43.66,42.169998,42.32,42.32,296200
2014-11-24,42.310001,42.669998,42,42.209999,42.209999,281500
2014-11-25,42.610001,43.490002,42.48,43.389999,43.389999,421000
2014-11-26,43.41,43.849998,43.23,43.290001,43.290001,205000
2014-11-28,43.310001,43.310001,42.779999,42.91,42.91,139200
2014-12-01,42.709999,42.900002,41.82,41.939999,41.939999,262900
2014-12-02,42.029999,42.310001,40.919998,41.360001,41.360001,392100
2014-12-03,41.330002,41.330002,40.419998,40.82,40.82,403200
2014-12-04,40.919998,40.919998,39.990002,40.279999,40.279999,406100
2014-12-05,40.299999,40.810001,40.220001,40.59,40.59,225900
2014-12-08,40.419998,41.310001,40.080002,40.130001,40.130001,189900
2014-12-09,39.740002,41.060001,39.709999,40.810001,40.810001,223000
2014-12-10,40.619999,41.110001,40.130001,40.439999,40.439999,387100
2014-12-11,40.490002,41.330002,40.32,40.439999,40.439999,151900
2014-12-12,40.02,40.459999,39.619999,40.040001,40.040001,175400
2014-12-15,41.32,41.349998,40.23,40.470001,40.470001,203600
2014-12-16,40.380001,41.27,40.310001,40.810001,40.810001,242700
2014-12-17,40.82,42.080002,40.529999,42.049999,42.049999,233300
2014-12-18,42.549999,42.669998,41.91,42.560001,42.560001,273300
2014-12-19,42.650002,42.869999,42.18,42.509998,42.509998,409900
2014-12-22,42.41,43.540001,42.41,43.360001,43.360001,235100
2014-12-23,43.700001,44.080002,43.16,43.919998,43.919998,182600
2014-12-24,43.91,43.91,43.360001,43.810001,43.810001,64300
2014-12-26,43.860001,44.150002,43.5,44,44,130200
2014-12-29,44,44.279999,43.830002,44.049999,44.049999,102400
2014-12-30,43.830002,44.25,43.830002,44.220001,44.220001,195300
2014-12-31,44.349998,44.619999,44,44.400002,44.400002,198500
2015-01-02,44.610001,44.66,43.669998,43.860001,43.860001,247800
2015-01-05,43.849998,44.049999,42.990002,43.540001,43.540001,162100
2015-01-06,43.580002,43.580002,41.950001,42.830002,42.830002,312800
2015-01-07,42.98,43.5,42.68,42.990002,42.990002,223500
2015-01-08,43.43,44.150002,43.040001,43.59,43.59,230300
2015-01-09,43.709999,43.91,43.240002,43.75,43.75,199200
2015-01-12,43.619999,43.759998,42.59,43.150002,43.150002,183200
2015-01-13,43.369999,43.880001,42.73,43.150002,43.150002,242200
2015-01-14,42.790001,43.18,42.48,43.139999,43.139999,252600
2015-01-15,43.139999,43.16,42.470001,42.580002,42.580002,154900
2015-01-16,42.439999,43.580002,42.360001,43.119999,43.119999,216300
2015-01-20,43.25,43.290001,42.52,42.73,42.73,147900
2015-01-21,42.720001,43.349998,42.68,42.709999,42.709999,250100
2015-01-22,43.009998,43.240002,42.189999,42.5,42.5,278400
2015-01-23,42.470001,42.639999,41.700001,41.950001,41.950001,131700
2015-01-26,41.810001,41.950001,41.060001,41.580002,41.580002,205300
2015-01-27,41.169998,41.490002,40.73,40.810001,40.810001,262900
2015-01-28,41.009998,41.009998,39.32,39.599998,39.599998,311700
2015-01-29,39.470001,39.470001,38.119999,38.77,38.77,435600
2015-01-30,38.560001,38.650002,37.080002,37.220001,37.220001,263000
2015-02-02,37.200001,38.09,36.400002,37.959999,37.959999,324900
2015-02-03,37.990002,39.830002,37.990002,39.59,39.59,264000
2015-02-04,39.310001,39.77,39,39.209999,39.209999,142500
2015-02-05,39.240002,39.75,39.049999,39.610001,39.610001,112500
2015-02-06,39.610001,39.689999,39.25,39.619999,39.619999,210500
2015-02-09,39.549999,40.049999,39.380001,39.389999,39.389999,195900
2015-02-10,39.700001,40.43,39.150002,39.790001,39.790001,140300
2015-02-11,39.599998,40.439999,39.41,40.299999,40.299999,172000
2015-02-12,40.419998,41.450001,40.419998,40.93,40.93,217700
2015-02-13,40.900002,41.639999,40.900002,41.439999,41.439999,177300
2015-02-17,41.5,41.849998,40.049999,40.810001,40.810001,277200
2015-02-18,40.720001,41.950001,40.630001,41.669998,41.669998,273900
2015-02-19,41.5,42.400002,41.200001,42.040001,42.040001,166100
2015-02-20,42.150002,43.349998,41.619999,43.009998,43.009998,394700
2015-02-23,43.029999,43.18,42.360001,43.139999,43.139999,186900
2015-02-24,43.080002,44.34,43.040001,43.25,43.25,214000
2015-02-25,43.32,43.5,42.810001,43.41,43.41,146400
2015-02-26,43.27,44,42.59,42.650002,42.650002,336300
2015-02-27,42.900002,43.119999,38.709999,39.970001,39.970001,1097800
2015-03-02,40,40.25,39.560001,39.759998,39.759998,487800
2015-03-03,39.75,40.330002,39.619999,39.66,39.66,138300
2015-03-04,39.5,39.799999,39.080002,39.16,39.16,166100
2015-03-05,39.32,39.950001,38.650002,39.810001,39.810001,237400
2015-03-06,39.639999,40.23,39.27,40.040001,40.040001,152500
2015-03-09,40.07,41.580002,39.84,41.299999,41.299999,261500
2015-03-10,40.799999,40.799999,39.889999,40.099998,40.099998,222200
2015-03-11,40.02,40.549999,39.669998,40.5,40.5,162400
2015-03-12,40.630001,41.84,40.630001,41.82,41.82,396600
2015-03-13,41.669998,42.34,41.27,42.259998,42.259998,188100
2015-03-16,42.419998,42.509998,41.82,41.91,41.91,245800
2015-03-17,41.57,42.060001,41.25,41.869999,41.869999,182200
2015-03-18,41.66,41.950001,41,41.82,41.82,99700
2015-03-19,41.759998,42.509998,41.580002,42.490002,42.490002,110600
2015-03-20,42.66,43.93,42.650002,43.66,43.66,280100
2015-03-23,43.200001,44.25,43.18,43.209999,43.209999,182800
2015-03-24,43.240002,43.299999,42.720001,43,43,135900
2015-03-25,42.900002,43.07,41.93,41.950001,41.950001,181900
2015-03-26,41.82,41.889999,41.150002,41.830002,41.830002,152800
2015-03-27,41.73,42.099998,41.52,42.099998,42.099998,106900
2015-03-30,42.16,42.959999,41.630001,41.91,41.91,130200
2015-03-31,41.759998,42.169998,41.400002,41.59,41.59,102500
2015-04-01,41.580002,42.130001,41.25,41.75,41.75,194000
2015-04-02,41.82,42,41.299999,41.810001,41.810001,96900
2015-04-06,41.810001,42.450001,41.810001,42.200001,42.200001,118400
2015-04-07,42.110001,42.310001,41.790001,41.849998,41.849998,137500
2015-04-08,41.939999,42.310001,41.48,41.889999,41.889999,76400
2015-04-09,41.900002,42.259998,41.200001,41.77,41.77,181100
2015-04-10,41.75,41.950001,41.639999,41.700001,41.700001,196500
2015-04-13,41.73,41.950001,41.439999,41.759998,41.759998,185600
2015-04-14,41.830002,42,41.669998,41.98,41.98,206200
2015-04-15,41.799999,42.200001,41.639999,42,42,244500
2015-04-16,41.91,42.18,41.77,41.900002,41.900002,91700
2015-04-17,41.57,41.93,41.290001,41.709999,41.709999,129000
2015-04-20,41.889999,42.130001,41.490002,41.889999,41.889999,136400
2015-04-21,42.009998,42.029999,41.330002,41.369999,41.369999,106900
2015-04-22,41.32,41.529999,40.959999,41.18,41.18,135200
2015-04-23,41.080002,41.950001,41.009998,41.779999,41.779999,193600
2015-04-24,42.049999,42.25,41.5,41.700001,41.700001,164900
2015-04-27,41.93,42.139999,41.02,41.18,41.18,217800
2015-04-28,41.279999,42.040001,41.279999,41.700001,41.700001,158600
2015-04-29,41.619999,42,41.389999,41.75,41.75,107700
2015-04-30,41.380001,41.630001,40.18,40.439999,40.439999,186200
2015-05-01,40.630001,40.790001,40.080002,40.279999,40.279999,118600
2015-05-04,40.259998,40.970001,40.259998,40.610001,40.610001,169600
2015-05-05,40.610001,40.830002,39.950001,40.16,40.16,252200
2015-05-06,40.18,40.880001,39.790001,40.290001,40.290001,269800
2015-05-07,40.220001,41.619999,40.220001,41.040001,41.040001,288100
2015-05-08,41.720001,41.720001,38.32,38.93,38.93,692500
2015-05-11,39,39.07,38.650002,38.900002,38.900002,396800
2015-05-12,38.869999,38.869999,38.240002,38.619999,38.619999,282900
2015-05-13,38.779999,38.84,37.889999,38.459999,38.459999,294300
2015-05-14,38.639999,38.639999,38.200001,38.380001,38.380001,219100
2015-05-15,38.48,38.860001,38.25,38.5,38.5,222200
2015-05-18,38.330002,39.66,38.23,39.52,39.52,253100
2015-05-19,39.380001,39.959999,39.360001,39.759998,39.759998,429000
2015-05-20,39.68,40,39.43,39.639999,39.639999,269600
2015-05-21,39.639999,39.790001,39.34,39.580002,39.580002,204700
2015-05-22,39.59,40.169998,39.360001,39.939999,39.939999,163200
2015-05-26,39.740002,39.740002,38.91,39.119999,39.119999,170400
2015-05-27,39.25,40,38.799999,39.950001,39.950001,162500
2015-05-28,39.790001,40.07,39.419998,39.869999,39.869999,487700
2015-05-29,39.869999,40,39.09,39.709999,39.709999,184600
2015-06-01,40.009998,40.060001,39.18,39.490002,39.490002,159900
2015-06-02,39.439999,40.169998,39.27,39.84,39.84,86100
2015-06-03,40.060001,40.599998,39.73,40.299999,40.299999,177200
2015-06-04,40.080002,40.16,39.099998,39.220001,39.220001,147300
2015-06-05,39.279999,39.560001,38.540001,39.150002,39.150002,353800
2015-06-08,39.259998,39.84,39.259998,39.549999,39.549999,231100
2015-06-09,39.68,40.009998,39.580002,39.869999,39.869999,334900
2015-06-10,40.169998,41.380001,40.139999,41.139999,41.139999,349400
2015-06-11,41.150002,41.59,41.07,41.59,41.59,200500
2015-06-12,41.349998,41.790001,41.139999,41.619999,41.619999,307300
2015-06-15,41.529999,42.169998,41.209999,42.099998,42.099998,207500
2015-06-16,41.98,42.330002,41.91,42.09,42.09,148000
2015-06-17,42.110001,42.299999,41.509998,41.639999,41.639999,137900
2015-06-18,41.91,42.09,41.560001,41.799999,41.799999,191800
2015-06-19,41.669998,42.709999,41.41,42.599998,42.599998,252700
2015-06-22,42.990002,43.060001,42.619999,42.919998,42.919998,173200
2015-06-23,43.169998,43.91,43.09,43.360001,43.360001,512100
2015-06-24,43.110001,43.57,43.110001,43.459999,43.459999,254200
2015-06-25,43.52,44.419998,43.369999,44.189999,44.189999,313000
2015-06-26,44.34,44.610001,43.98,44.209999,44.209999,570000
2015-06-29,43.860001,43.860001,42.470001,42.610001,42.610001,219000
2015-06-30,42.73,43.310001,42.389999,42.740002,42.740002,545300
2015-07-01,43.259998,44.080002,43.099998,43.75,43.75,354100
2015-07-02,43.799999,43.849998,41.91,42.380001,42.380001,256000
2015-07-06,41.84,42.459999,41.299999,42.32,42.32,115300
2015-07-07,42.259998,42.360001,41.529999,42.139999,42.139999,140100
2015-07-08,42.029999,42.240002,41.360001,41.48,41.48,182900
2015-07-09,42.349998,43.799999,41.869999,42.950001,42.950001,258800
2015-07-10,43.580002,44.099998,43.16,43.360001,43.360001,120000
2015-07-13,43.700001,44.43,43.52,44.32,44.32,236100
2015-07-14,43.849998,44.169998,43.439999,43.439999,43.439999,222500
2015-07-15,43.279999,43.599998,42.950001,43.16,43.16,149700
2015-07-16,43.43,44.310001,43.360001,43.860001,43.860001,200900
2015-07-17,43.810001,44.040001,43.369999,43.830002,43.830002,168300
2015-07-20,43.84,44.310001,43.41,43.48,43.48,162000
2015-07-21,43.310001,44.25,43.049999,43.279999,43.279999,135000
2015-07-22,43.169998,43.490002,42.98,43.459999,43.459999,72300
2015-07-23,43.57,44.240002,43.400002,44.009998,44.009998,178800
2015-07-24,43.950001,43.990002,43.110001,43.169998,43.169998,159700
2015-07-27,43.119999,43.119999,41.970001,42.09,42.09,133800
2015-07-28,42.389999,42.689999,41.889999,42.48,42.48,183300
2015-07-29,42.66,43.240002,42.220001,42.889999,42.889999,168800
2015-07-30,42.599998,43.009998,42.450001,42.880001,42.880001,127300
2015-07-31,43,43.48,42.779999,43.009998,43.009998,126100
2015-08-03,42.880001,43.200001,42.540001,43.009998,43.009998,86300
2015-08-04,42.849998,43.130001,42.650002,43.07,43.07,127300
2015-08-05,43.119999,44.18,43.049999,43.540001,43.540001,155800
2015-08-06,43.450001,43.450001,41.98,42.57,42.57,231300
2015-08-07,42.450001,42.98,42.25,42.900002,42.900002,167500
2015-08-10,43.290001,43.740002,41.540001,42.369999,42.369999,381900
2015-08-11,42.220001,42.220001,39.919998,40.470001,40.470001,390900
2015-08-12,40.16,40.310001,38.48,40,40,369500
2015-08-13,40.330002,40.549999,39.509998,40.299999,40.299999,201600
2015-08-14,40.119999,40.689999,40.029999,40.310001,40.310001,206700
2015-08-17,39.91,41.040001,39.419998,40.93,40.93,169200
2015-08-18,40.950001,41.09,40.349998,40.43,40.43,199500
2015-08-19,40.200001,40.450001,39.599998,39.639999,39.639999,191600
2015-08-20,39.259998,39.630001,38.759998,38.759998,38.759998,201600
2015-08-21,38.150002,39.389999,38.139999,39.209999,39.209999,178200
2015-08-24,38.349998,39.369999,38.189999,38.610001,38.610001,250000
2015-08-25,39.810001,40,37.970001,37.970001,37.970001,310200
2015-08-26,38.68,38.959999,37.990002,38.84,38.84,205200
2015-08-27,39.16,39.59,38.450001,39.259998,39.259998,222000
2015-08-28,39.07,40.189999,38.970001,40.130001,40.130001,253500
2015-08-31,40.110001,40.650002,39.459999,40.630001,40.630001,301500
2015-09-01,39.790001,40.18,38.450001,38.540001,38.540001,330900
2015-09-02,39.049999,39.540001,38.150002,38.650002,38.650002,216800
2015-09-03,38.740002,38.740002,37.869999,38.59,38.59,228500
2015-09-04,38.02,38.209999,36.93,37.77,37.77,210200
2015-09-08,38.200001,38.25,36.950001,37.389999,37.389999,280400
2015-09-09,37.529999,37.860001,35.310001,37.41,37.41,376300
2015-09-10,37.360001,40.59,37.360001,40.450001,40.450001,610100
2015-09-11,40.040001,40.459999,38.93,39.330002,39.330002,204200
2015-09-14,39.32,39.32,38.59,39,39,146200
2015-09-15,39,39.84,38.66,39.75,39.75,355800
2015-09-16,39.669998,39.990002,39.360001,39.790001,39.790001,225300
2015-09-17,39.849998,40.32,39.52,39.98,39.98,181800
2015-09-18,39.25,39.790001,38.919998,39.259998,39.259998,337300
2015-09-21,39.490002,40.099998,39.169998,39.470001,39.470001,101600
2015-09-22,39.07,39.91,38.889999,39.860001,39.860001,243400
2015-09-23,39.919998,40.110001,37.650002,38.200001,38.200001,536800
2015-09-24,38,39.360001,37.950001,39.080002,39.080002,234200
2015-09-25,39.459999,39.740002,38.509998,39.470001,39.470001,214600
2015-09-28,39.330002,39.860001,37.349998,37.419998,37.419998,197800
2015-09-29,37.540001,37.700001,36.779999,37.16,37.16,208400
2015-09-30,37.490002,37.790001,36.529999,37,37,250700
2015-10-01,36.900002,37.209999,35.91,36.290001,36.290001,387000
2015-10-02,36.02,36.029999,35.200001,35.470001,35.470001,369200
2015-10-05,35.470001,36.25,35.23,35.82,35.82,455300
2015-10-06,35.889999,36.68,35.59,36.41,36.41,148400
2015-10-07,36.580002,37.169998,36.099998,36.490002,36.490002,386600
2015-10-08,37.490002,39.360001,37.299999,38.48,38.48,375700
2015-10-09,38.380001,38.830002,37.490002,38.549999,38.549999,209900
2015-10-12,38.639999,39.700001,38.380001,39.130001,39.130001,204600
2015-10-13,38.720001,39.59,38.349998,38.459999,38.459999,158700
2015-10-14,38.349998,38.98,37.810001,37.990002,37.990002,129400
2015-10-15,38.200001,39.259998,38.040001,39.139999,39.139999,147300
2015-10-16,39.25,39.330002,38.560001,39.25,39.25,126100
2015-10-19,39.040001,39.869999,38.900002,39.560001,39.560001,197300
2015-10-20,39.57,39.869999,39.07,39.650002,39.650002,204000
2015-10-21,39.740002,39.790001,38.93,38.98,38.98,78300
2015-10-22,39.119999,39.52,38.779999,39.009998,39.009998,144600
2015-10-23,39.400002,39.759998,38.82,39.720001,39.720001,172100
2015-10-26,39.509998,40.400002,39.279999,39.73,39.73,220400
2015-10-27,39.470001,39.720001,38.880001,39.310001,39.310001,139000
2015-10-28,39.330002,40.720001,39.330002,40.59,40.59,362600
2015-10-29,40.41,41.220001,40.139999,41.009998,41.009998,224500
2015-10-30,40.970001,41.349998,40.560001,40.700001,40.700001,197700
2015-11-02,40.799999,41.439999,40.389999,41.099998,41.099998,168100
2015-11-03,40.990002,41.330002,34.790001,35.369999,35.369999,2650200
2015-11-04,37.259998,39.75,37.119999,38.169998,38.169998,894200
2015-11-05,38.18,38.259998,36.27,37.02,37.02,289400
2015-11-06,38.119999,38.59,36.209999,38.5,38.5,448500
2015-11-09,38.450001,38.77,36.75,37.130001,37.130001,296100
2015-11-10,37.009998,37.25,35.310001,35.650002,35.650002,224200
2015-11-11,35.830002,36.330002,34,34.529999,34.529999,342000
2015-11-12,34.349998,34.830002,33.099998,33.16,33.16,386600
2015-11-13,32.950001,33.040001,31.32,31.809999,31.809999,1279900
2015-11-16,31.639999,32.790001,30.5,32.669998,32.669998,572200
2015-11-17,32.830002,33.349998,32.25,32.779999,32.779999,330700
2015-11-18,32.970001,33.16,31.450001,33.110001,33.110001,188700
2015-11-19,33.060001,33.630001,32.540001,33.43,33.43,227000
2015-11-20,33.599998,33.810001,33.209999,33.419998,33.419998,226200
2015-11-23,33.259998,33.259998,32.290001,32.32,32.32,189900
2015-11-24,32.23,32.580002,31.85,32.5,32.5,182000
2015-11-25,32.540001,32.689999,32.110001,32.43,32.43,132100
2015-11-27,32.290001,32.84,32.16,32.689999,32.689999,65500
2015-11-30,32.700001,33.16,32.509998,32.970001,32.970001,177700
2015-12-01,33.09,33.389999,32.349998,32.950001,32.950001,147700
2015-12-02,32.970001,33.720001,32.560001,32.880001,32.880001,201100
2015-12-03,33.080002,33.119999,31.219999,31.530001,31.530001,281300
2015-12-04,31.530001,31.889999,31.1,31.43,31.43,276500
2015-12-07,31.42,31.82,30.99,31.33,31.33,184300
2015-12-08,31.08,31.370001,30.809999,31.360001,31.360001,299900
2015-12-09,31.27,31.959999,30.93,30.940001,30.940001,367400
2015-12-10,31.049999,31.290001,29.870001,29.940001,29.940001,419300
2015-12-11,29.4,29.889999,28.48,28.67,28.67,489500
2015-12-14,28.719999,29.190001,28.17,28.440001,28.440001,457400
2015-12-15,28.67,29.18,28.190001,28.99,28.99,263500
2015-12-16,29.129999,30.879999,29.07,30.860001,30.860001,241100
2015-12-17,30.92,31.190001,29.49,29.5,29.5,241200
2015-12-18,29.610001,29.969999,28.959999,29.25,29.25,745600
2015-12-21,29.52,30.49,29.209999,29.639999,29.639999,212500
2015-12-22,29.809999,30.59,29.52,30.09,30.09,148100
2015-12-23,30.15,30.5,29.9,30.01,30.01,117600
2015-12-24,30.02,31.02,30,30.77,30.77,95900
2015-12-28,30.559999,30.799999,29.110001,30.290001,30.290001,291600
2015-12-29,30.4,31.41,30.280001,30.700001,30.700001,181700
2015-12-30,30.559999,30.66,29.85,29.98,29.98,136600
2015-12-31,29.85,30.389999,29.08,29.08,29.08,239800
2016-01-04,28.66,29.200001,27.870001,29.120001,29.120001,248500
2016-01-05,29.18,29.440001,28.01,28.059999,28.059999,199500
2016-01-06,27.76,28.030001,26.99,27.01,27.01,267200
2016-01-07,26.51,26.91,25.42,25.440001,25.440001,517400
2016-01-08,25.42,26.07,24.059999,24.07,24.07,402500
2016-01-11,24.25,24.35,22.700001,23.23,23.23,881800
2016-01-12,23.370001,23.370001,20.200001,20.309999,20.309999,917000
2016-01-13,20.59,21,17.85,17.85,17.85,1432400
2016-01-14,18.15,18.700001,17.379999,18.18,18.18,1399200
2016-01-15,17.75,18.629999,16.74,16.940001,16.940001,662400
2016-01-19,17.120001,17.309999,16.09,16.6,16.6,715300
2016-01-20,16.18,19.709999,16.1,19.66,19.66,1147300
2016-01-21,19.65,22.08,19.540001,20.5,20.5,1283300
2016-01-22,20.889999,21.690001,20.879999,21.389999,21.389999,405300
2016-01-25,21.17,21.629999,20.950001,21.23,21.23,575000
2016-01-26,21.25,22.74,21.18,22.709999,22.709999,579600
2016-01-27,22.51,23,21.99,22.200001,22.200001,453400
2016-01-28,22.43,22.76,20.68,21.780001,21.780001,294700
2016-01-29,21.940001,22.98,21.780001,22.92,22.92,387900
2016-02-01,22.68,22.73,20.99,21.24,21.24,297000
2016-02-02,20.969999,21.35,20.09,20.59,20.59,314400
2016-02-03,20.73,20.780001,19.049999,20.530001,20.530001,307000
2016-02-04,20.469999,21.35,19.129999,21.219999,21.219999,204700
2016-02-05,21.139999,21.27,20.49,20.75,20.75,176000
2016-02-08,20.51,20.67,18.940001,19.48,19.48,373500
2016-02-09,19.139999,20.18,17.940001,19.91,19.91,188100
2016-02-10,20.040001,21.059999,19.33,20.530001,20.530001,312500
2016-02-11,20.040001,20.120001,18.32,19.879999,19.879999,276400
2016-02-12,20.219999,20.91,19.83,20.85,20.85,204200
2016-02-16,21.219999,21.799999,21,21.440001,21.440001,307000
2016-02-17,21.57,22.639999,21.450001,22.620001,22.620001,226600
2016-02-18,22.719999,22.719999,21.549999,22.07,22.07,189500
2016-02-19,21.93,22.27,21.610001,22.07,22.07,432900
2016-02-22,22.370001,22.57,21.48,21.73,21.73,358500
2016-02-23,21.629999,22.219999,20.440001,20.57,20.57,376100
2016-02-24,20.16,20.6,19.280001,20.290001,20.290001,620200
2016-02-25,20.08,21.91,18.700001,21.68,21.68,817400
2016-02-26,21.85,22.040001,20.790001,21.6,21.6,600400
2016-02-29,21.76,23.379999,21.76,23.25,23.25,511600
2016-03-01,23.5,23.809999,22.9,23.799999,23.799999,238500
2016-03-02,23.799999,24.290001,23.75,24.190001,24.190001,291300
2016-03-03,24.92,26.290001,24.440001,26.02,26.02,651800
2016-03-04,26.09,27.030001,25.969999,26.98,26.98,353500
2016-03-07,26.75,28.35,26.01,28.35,28.35,400200
2016-03-08,27.99,27.99,25.65,26.51,26.51,861100
2016-03-09,26.73,27.610001,26.440001,26.57,26.57,345200
2016-03-10,26.66,26.98,26.4,26.700001,26.700001,297800
2016-03-11,27.040001,27.51,26.540001,26.549999,26.549999,354000
2016-03-14,26.530001,27.040001,26.059999,26.58,26.58,337600
2016-03-15,26.200001,26.559999,25.110001,25.700001,25.700001,388500
2016-03-16,25.59,26.190001,25.1,25.68,25.68,202300
2016-03-17,25.6,26.41,25.360001,26.120001,26.120001,387500
2016-03-18,26.290001,27.57,26.120001,26.200001,26.200001,278000
2016-03-21,26.02,26.4,25.59,25.950001,25.950001,274100
2016-03-22,25.950001,27.02,25.23,25.280001,25.280001,273400
2016-03-23,25.360001,26.09,24.280001,24.530001,24.530001,283400
2016-03-24,24.41,25.110001,23.65,24.190001,24.190001,284600
2016-03-28,24.280001,24.799999,23.43,24.540001,24.540001,264900
2016-03-29,24.290001,25.16,23.75,24.99,24.99,176500
2016-03-30,25.120001,25.9,24.370001,24.48,24.48,230400
2016-03-31,24.41,26.08,24.41,25.74,25.74,270800
2016-04-01,25.370001,25.700001,24.57,24.700001,24.700001,249700
2016-04-04,24.780001,25.25,24.27,24.82,24.82,114000
2016-04-05,24.58,25.190001,24.280001,24.77,24.77,262600
2016-04-06,24.799999,25.52,24.77,25.51,25.51,141300
2016-04-07,25.16,25.629999,24.5,24.59,24.59,284700
2016-04-08,24.950001,25.5,24.51,25.040001,25.040001,312100
2016-04-11,25.209999,25.940001,25.02,25.17,25.17,187200
2016-04-12,25.1,25.950001,24.92,25.379999,25.379999,348300
2016-04-13,25.65,26.940001,25.610001,26.809999,26.809999,358100
2016-04-14,26.790001,27.67,26.66,27.16,27.16,329600
2016-04-15,27.09,27.4,26.809999,27.040001,27.040001,139800
2016-04-18,26.709999,27,25.940001,26.370001,26.370001,149900
2016-04-19,26.379999,26.93,25.99,26.08,26.08,260300
2016-04-20,26.129999,27.74,26.07,27.459999,27.459999,469800
2016-04-21,27.59,28.02,27.379999,27.66,27.66,299100
2016-04-22,27.9,28.42,27.74,28.42,28.42,274300
2016-04-25,28.51,28.51,26.799999,27.02,27.02,192300
2016-04-26,27.139999,27.66,26.68,27.299999,27.299999,175300
2016-04-27,27.24,29.02,27.24,28.780001,28.780001,331200
2016-04-28,28.440001,28.809999,27.889999,27.950001,27.950001,204400
2016-04-29,27.940001,28.549999,27.58,28.15,28.15,323300
2016-05-02,28.370001,28.52,27.33,27.450001,27.450001,185300
2016-05-03,27.059999,28.08,26.360001,27.07,27.07,236200
2016-05-04,26.809999,27.969999,26.5,26.67,26.67,164300
2016-05-05,26.950001,27.629999,26.41,26.540001,26.540001,137800
2016-05-06,26.43,27.139999,26.389999,27.059999,27.059999,181500
2016-05-09,26.92,27.139999,25.74,26.16,26.16,185900
2016-05-10,25.379999,25.58,23.98,24.110001,24.110001,720300
2016-05-11,25.110001,27.26,25.1,26.9,26.9,678000
2016-05-12,26.98,27.629999,25.84,25.940001,25.940001,484500
2016-05-13,25.809999,26.639999,25.809999,26.02,26.02,127500
2016-05-16,25.879999,26.540001,25.030001,26.309999,26.309999,239800
2016-05-17,26.360001,26.75,25.67,25.76,25.76,152900
2016-05-18,25.540001,26.370001,25.540001,26.370001,26.370001,175800
2016-05-19,26.209999,26.559999,25.18,25.35,25.35,198300
2016-05-20,25.5,26.690001,25.23,26.559999,26.559999,151700
2016-05-23,26.190001,26.629999,25.959999,26.209999,26.209999,151600
2016-05-24,26.360001,27,26.16,26.879999,26.879999,242800
2016-05-25,27.01,28.24,26.709999,28.209999,28.209999,346900
2016-05-26,28.23,28.23,26.049999,26.129999,26.129999,208700
2016-05-27,26.200001,26.93,25.879999,26.66,26.66,238400
2016-05-31,26.709999,27.1,26.450001,26.889999,26.889999,211300
2016-06-01,26.92,26.92,25.92,26.33,26.33,218900
2016-06-02,26.129999,26.99,26.129999,26.98,26.98,148400
2016-06-03,26.68,26.68,25.85,26.280001,26.280001,140300
2016-06-06,26.33,27.4,26.299999,27.200001,27.200001,177000
2016-06-07,27,27.469999,25.85,25.870001,25.870001,259400
2016-06-08,26.02,26.139999,25.059999,25.17,25.17,369500
2016-06-09,24.809999,25.02,23.84,23.9,23.9,416800
2016-06-10,23.469999,23.5,22.860001,23.01,23.01,580400
2016-06-13,22.879999,23.5,22.75,23.139999,23.139999,208000
2016-06-14,23.09,23.549999,22.59,22.76,22.76,343200
2016-06-15,22.889999,23.959999,22.82,23.5,23.5,228700
2016-06-16,23.389999,23.700001,22.82,23.549999,23.549999,286000
2016-06-17,23.629999,24.709999,23.629999,24.4,24.4,331000
2016-06-20,24.76,25,24.15,24.27,24.27,144000
2016-06-21,24.309999,24.459999,23.530001,24.16,24.16,183000
2016-06-22,24.120001,24.48,23.700001,23.82,23.82,138200
2016-06-23,24.139999,24.610001,24.09,24.469999,24.469999,125200
2016-06-24,23.42,23.959999,22.35,23.25,23.25,395500
2016-06-27,22.940001,22.940001,21.450001,21.58,21.58,786400
2016-06-28,21.959999,22.559999,21.709999,22.4,22.4,309500
2016-06-29,22.530001,22.959999,22.309999,22.780001,22.780001,249000
2016-06-30,22.76,23.549999,22.27,23.530001,23.530001,197000
2016-07-01,23.440001,24.17,23.18,23.440001,23.440001,206200
2016-07-05,23.459999,23.6,21.639999,21.92,21.92,404100
2016-07-06,21.799999,22.42,21.299999,22.049999,22.049999,236400
2016-07-07,22.08,22.98,22.08,22.58,22.58,273200
2016-07-08,23,23.66,23,23.389999,23.389999,264700
2016-07-11,23.4,23.969999,23.27,23.77,23.77,182200
2016-07-12,24.040001,25.040001,23.799999,24.799999,24.799999,328100
2016-07-13,24.93,25.07,24.48,24.91,24.91,126400
2016-07-14,25.290001,25.290001,24.82,25.01,25.01,138400
2016-07-15,25.09,25.52,24.6,24.969999,24.969999,175900
2016-07-18,25,25.09,24.91,24.99,24.99,165600
2016-07-19,24.93,25.07,24.58,24.690001,24.690001,81600
2016-07-20,24.719999,24.950001,24.4,24.559999,24.559999,271100
2016-07-21,24.639999,24.99,24.35,24.459999,24.459999,194100
2016-07-22,24.65,24.65,24.09,24.18,24.18,180900
2016-07-25,24.200001,24.209999,23.549999,23.77,23.77,161100
2016-07-26,23.719999,23.969999,23.6,23.879999,23.879999,299500
2016-07-27,23.940001,24.9,23.940001,24.9,24.9,287400
2016-07-28,25.120001,25.299999,23.959999,24.040001,24.040001,561700
2016-07-29,23.98,24.52,23.620001,24.41,24.41,217500
2016-08-01,24.360001,24.68,24.049999,24.200001,24.200001,227300
2016-08-02,24.120001,24.469999,23.35,23.809999,23.809999,197300
2016-08-03,23.860001,24.58,23.780001,24.52,24.52,173400
2016-08-04,24.49,24.92,24.17,24.68,24.68,345500
2016-08-05,25.120001,25.129999,20.360001,20.52,20.52,3017400
2016-08-08,20.32,21.799999,20.32,21.16,21.16,801200
2016-08-09,21.6,21.629999,20.639999,21.01,21.01,380200
2016-08-10,21.08,21.200001,20.469999,20.51,20.51,634100
2016-08-11,20.67,20.9,20.370001,20.57,20.57,415700
2016-08-12,20.4,20.969999,20.360001,20.59,20.59,175800
2016-08-15,20.6,21.25,20.6,21.200001,21.200001,282200
2016-08-16,21.139999,21.49,21.1,21.309999,21.309999,117900
2016-08-17,21.26,21.76,21.09,21.34,21.34,170000
2016-08-18,21.33,21.77,20.6,21.290001,21.290001,134500
2016-08-19,21.059999,21.51,21.059999,21.370001,21.370001,206400
2016-08-22,21.379999,21.51,20.98,21.25,21.25,171300
2016-08-23,21.209999,21.57,21.209999,21.24,21.24,220500
2016-08-24,21.25,21.530001,21.07,21.33,21.33,182500
2016-08-25,21.23,21.530001,21.059999,21.41,21.41,194400
2016-08-26,21.52,21.76,21.23,21.4,21.4,154800
2016-08-29,21.34,21.540001,21.17,21.370001,21.370001,106400
2016-08-30,21.34,21.82,21.33,21.59,21.59,289600
2016-08-31,21.52,22.18,21.43,21.559999,21.559999,205900
2016-09-01,21.530001,21.790001,20.98,21.559999,21.559999,275900
2016-09-02,21.690001,22.24,21.33,22.02,22.02,198200
2016-09-06,21.969999,22.110001,21.610001,22.01,22.01,186700
2016-09-07,21.889999,22.379999,21.719999,22.27,22.27,259900
2016-09-08,22.280001,22.950001,22.209999,22.6,22.6,366500
2016-09-09,22.360001,22.68,21.959999,22.16,22.16,166600
2016-09-12,21.969999,22.59,21.719999,22.459999,22.459999,169300
2016-09-13,22.26,22.33,21.59,22,22,233300
2016-09-14,22,22.190001,21.66,22.059999,22.059999,175300
2016-09-15,21.969999,22.43,21.959999,22.370001,22.370001,118900
2016-09-16,22.120001,22.870001,21.68,22.629999,22.629999,310700
2016-09-19,22.719999,23,22.15,22.549999,22.549999,158500
2016-09-20,21.84,22.08,21.33,21.5,21.5,715200
2016-09-21,21.549999,21.93,21.309999,21.530001,21.530001,249200
2016-09-22,21.73,21.959999,21.379999,21.73,21.73,285900
2016-09-23,21.74,22.190001,21.41,21.41,21.41,174400
2016-09-26,21.34,22.120001,21.040001,21.450001,21.450001,249500
2016-09-27,21.309999,21.75,21.07,21.700001,21.700001,172300
2016-09-28,21.84,22.35,21.77,22.309999,22.309999,153400
2016-09-29,22.34,22.77,21.870001,22,22,115700
2016-09-30,22.059999,22.66,21.950001,22.48,22.48,198300
2016-10-03,22.299999,22.780001,22.219999,22.76,22.76,163200
2016-10-04,22.77,23.27,22.67,23.02,23.02,149500
2016-10-05,23.129999,23.52,22.780001,22.84,22.84,214000
2016-10-06,22.77,22.780001,22.35,22.530001,22.530001,207100
2016-10-07,22.52,22.73,21.950001,22.1,22.1,141900
2016-10-10,22.07,22.32,21.93,21.93,21.93,179200
2016-10-11,21.93,21.93,21.49,21.639999,21.639999,128500
2016-10-12,21.629999,21.969999,21.23,21.52,21.52,211900
2016-10-13,21.27,21.530001,20.92,21.08,21.08,196400
2016-10-14,21.139999,21.530001,21.1,21.1,21.1,265900
2016-10-17,21.049999,21.15,20.75,20.9,20.9,218100
2016-10-18,21.15,21.15,20.299999,20.450001,20.450001,321400
2016-10-19,20.450001,20.9,20.299999,20.65,20.65,223000
2016-10-20,20.6,21.25,20.27,20.35,20.35,440400
2016-10-21,20.25,20.450001,19.6,19.9,19.9,810800
2016-10-24,20,20.450001,19.799999,20.049999,20.049999,411400
2016-10-25,20.1,20.299999,19.700001,20,20,239600
2016-10-26,19.85,20.299999,19.799999,19.9,19.9,404800
2016-10-27,20.049999,20.23,19.799999,19.85,19.85,350500
2016-10-28,19.799999,19.9,19.65,19.75,19.75,230200
2016-10-31,19.75,20,19.65,19.85,19.85,445800
2016-11-01,19.799999,20.049999,19.4,19.75,19.75,406800
2016-11-02,19.700001,19.9,19.4,19.5,19.5,192300
2016-11-03,19.6,19.9,19.299999,19.4,19.4,224500
2016-11-04,19.5,20.15,19.25,19.6,19.6,240400
2016-11-07,20,20.25,19.799999,20,20,363000
2016-11-08,19.799999,19.9,18.700001,18.75,18.75,1192400
2016-11-09,18.700001,19.35,17.66,19.35,19.35,549700
2016-11-10,19,26.6,19,26.049999,26.049999,2287300
2016-11-11,26,26.549999,25.4,25.5,25.5,969000
2016-11-14,25.85,27.25,25.85,26.15,26.15,1144500
2016-11-15,25.950001,26.9,25.200001,26.799999,26.799999,470900
2016-11-16,27,27.700001,26.4,26.5,26.5,452900
2016-11-17,26.450001,27.049999,25.879999,26.65,26.65,618600
2016-11-18,26.799999,27.35,26.25,26.35,26.35,428800
2016-11-21,26.549999,27.6,26.450001,27.6,27.6,601400
2016-11-22,27.75,27.75,26.73,27.6,27.6,291000
2016-11-23,27.549999,28.48,27.299999,28.35,28.35,274200
2016-11-25,28.35,28.9,27.9,28.299999,28.299999,110700
2016-11-28,28.450001,28.700001,27.35,27.5,27.5,500700
2016-11-29,27.6,27.85,27.200001,27.200001,27.200001,371400
2016-11-30,27.4,28.15,27.4,27.450001,27.450001,456200
2016-12-01,27.65,28.200001,26.950001,26.950001,26.950001,344400
2016-12-02,27,27.25,26.549999,26.799999,26.799999,169400
2016-12-05,27,27.5,26.700001,27.15,27.15,219800
2016-12-06,27.25,27.6,27,27.4,27.4,188400
2016-12-07,27.5,28.450001,27.200001,28.299999,28.299999,227600
2016-12-08,28.25,29.75,28.25,29.700001,29.700001,431700
2016-12-09,29.65,30.4,29.379999,29.85,29.85,320600
2016-12-12,29.9,30.08,28.75,28.85,28.85,272600
2016-12-13,28.15,28.450001,27.530001,27.799999,27.799999,401500
2016-12-14,27.75,28,27,27.1,27.1,213500
2016-12-15,27.049999,27.799999,26.9,27,27,323100
2016-12-16,27,27.1,26.299999,26.75,26.75,928200
2016-12-19,26.85,27.35,26.700001,27,27,238000
2016-12-20,27.1,27.450001,26.950001,27.35,27.35,254000
2016-12-21,27.200001,27.549999,26.9,27.299999,27.299999,210300
2016-12-22,27.25,27.6,26.700001,27.35,27.35,202100
2016-12-23,27.200001,27.6,26.85,27.35,27.35,130800
2016-12-27,27.5,28.75,26.9,28.35,28.35,214500
2016-12-28,28.4,28.85,28.049999,28.5,28.5,253100
2016-12-29,28.549999,29.6,28.030001,29.549999,29.549999,326900
2016-12-30,29.549999,29.700001,28.5,28.65,28.65,263300
2017-01-03,29.049999,29.65,28.6,29.25,29.25,328900
2017-01-04,29.4,30.299999,29.049999,30.200001,30.200001,396700
2017-01-05,30,30.4,28.9,28.9,28.9,288900
2017-01-06,29.049999,29.35,28.25,28.299999,28.299999,174200
2017-01-09,28.25,28.950001,27.799999,28.85,28.85,336100
2017-01-10,29,29.85,27.950001,29.799999,29.799999,456300
2017-01-11,29.799999,30.200001,29.1,30.1,30.1,265900
2017-01-12,29.950001,30.450001,29.450001,30.299999,30.299999,417700
2017-01-13,30.35,30.799999,30.35,30.65,30.65,284100
2017-01-17,30.5,30.9,30,30.6,30.6,360600
2017-01-18,30.6,30.950001,30.35,30.9,30.9,328400
2017-01-19,31,31.35,30.299999,30.450001,30.450001,306300
2017-01-20,30.35,30.9,30.049999,30.85,30.85,308600
2017-01-23,30.700001,31.25,30.65,31,31,294200
2017-01-24,31.15,31.18,30.65,30.950001,30.950001,192300
2017-01-25,31.049999,31.4,30.799999,30.9,30.9,184000
2017-01-26,30.950001,31.5,30.65,30.700001,30.700001,148700
2017-01-27,30.799999,31.15,29.85,30.5,30.5,278600
2017-01-30,30.25,30.25,29.4,29.75,29.75,316600
2017-01-31,29.700001,31.049999,29.700001,30.950001,30.950001,298100
2017-02-01,31.15,31.84,31.1,31.799999,31.799999,309600
2017-02-02,31.700001,31.700001,31,31.4,31.4,120000
2017-02-03,31.6,32.200001,31.6,32.200001,32.200001,169500
2017-02-06,32.099998,32.799999,32.099998,32.799999,32.799999,234500
2017-02-07,32.849998,33,32.400002,32.900002,32.900002,271300
2017-02-08,32.700001,33.200001,32.25,32.950001,32.950001,475900
2017-02-09,33,33.650002,32.849998,33.200001,33.200001,241600
2017-02-10,33.299999,33.779999,32.950001,33,33,123200
2017-02-13,33.200001,33.799999,33.150002,33.400002,33.400002,155700
2017-02-14,33.299999,33.75,32.900002,33.5,33.5,294400
2017-02-15,33.450001,34.049999,33.349998,33.950001,33.950001,257900
2017-02-16,33.900002,34,33.450001,33.700001,33.700001,266300
2017-02-17,33.599998,33.900002,33.200001,33.849998,33.849998,147400
2017-02-21,33.900002,34.299999,33.599998,33.849998,33.849998,231700
2017-02-22,33.799999,34.650002,33.349998,34.5,34.5,713200
2017-02-23,34.75,34.799999,34.049999,34.549999,34.549999,477400
2017-02-24,31.299999,35.919998,31.299999,35.150002,35.150002,729900
2017-02-27,34.799999,35.400002,33.099998,35.049999,35.049999,1193400
2017-02-28,35,35,33.049999,33.299999,33.299999,923400
2017-03-01,33.700001,33.700001,32.099998,32.169998,32.169998,772800
2017-03-02,32.150002,32.400002,31.65,32.400002,32.400002,731500
2017-03-03,32.200001,32.849998,31.85,32.099998,32.099998,482600
2017-03-06,32,32,31.15,31.799999,31.799999,481900
2017-03-07,31.65,31.83,31.1,31.25,31.25,292300
2017-03-08,31.25,31.75,30.950001,31.200001,31.200001,326700
2017-03-09,31.049999,31.4,30.799999,30.950001,30.950001,235300
2017-03-10,31.049999,31.450001,30.9,31.200001,31.200001,392100
2017-03-13,31.25,31.299999,30.43,30.5,30.5,270800
2017-03-14,30.450001,31.1,30,30.65,30.65,248500
2017-03-15,30.9,31.549999,30.700001,31.25,31.25,203300
2017-03-16,31.200001,31.75,31.15,31.700001,31.700001,447800
2017-03-17,31.450001,31.65,30.879999,31.1,31.1,324300
2017-03-20,31.049999,31.1,30.5,30.85,30.85,277400
2017-03-21,30.9,30.9,29.35,29.35,29.35,382400
2017-03-22,29.299999,29.799999,28.950001,29.5,29.5,314000
2017-03-23,29.5,30.15,29.200001,30.15,30.15,232500
2017-03-24,30.200001,30.6,29.700001,30.4,30.4,254300
2017-03-27,30.15,30.85,29.950001,30.85,30.85,161900
2017-03-28,30.799999,31.450001,30.450001,31.299999,31.299999,239900
2017-03-29,31.25,31.299999,30.25,30.25,30.25,171700
2017-03-30,30.25,31.049999,30.25,30.85,30.85,199700
2017-03-31,30.75,31.049999,30.549999,30.799999,30.799999,201500
2017-04-03,30.799999,31.1,29.799999,29.950001,29.950001,326700
2017-04-04,29.85,30.4,29.85,30.15,30.15,224200
2017-04-05,30.25,30.75,30,30.25,30.25,234900
2017-04-06,30.299999,31.049999,29.860001,31.049999,31.049999,175100
2017-04-07,31,31.200001,30.629999,31.15,31.15,374800
2017-04-10,31.200001,31.6,30.5,30.65,30.65,132700
2017-04-11,30.65,30.9,30.1,30.85,30.85,115900
2017-04-12,30.75,30.950001,30.35,30.5,30.5,181900
2017-04-13,30.450001,30.85,30.35,30.6,30.6,194200
2017-04-17,30.799999,31.049999,30.43,30.950001,30.950001,115100
2017-04-18,30.700001,31.5,30.299999,31.5,31.5,191200
2017-04-19,31.65,32.400002,31.65,32.299999,32.299999,193900
2017-04-20,32.450001,33.099998,32.450001,32.700001,32.700001,307400
2017-04-21,32.799999,33.25,32.099998,32.150002,32.150002,267600
2017-04-24,32.75,33.25,32.549999,32.799999,32.799999,255100
2017-04-25,33.049999,33.450001,32.849998,33.25,33.25,174100
2017-04-26,33.25,33.849998,32.700001,33.25,33.25,220900
2017-04-27,33.299999,33.650002,33.099998,33.200001,33.200001,104200
2017-04-28,33.349998,33.549999,33.049999,33.349998,33.349998,260600
2017-05-01,33.599998,34.400002,33.5,34.25,34.25,235400
2017-05-02,34.200001,35.099998,34.099998,35.049999,35.049999,565500
2017-05-03,34.849998,35.450001,34.299999,34.950001,34.950001,357900
2017-05-04,35.099998,35.349998,34.150002,34.349998,34.349998,352300
2017-05-05,34.400002,34.400002,32.209999,32.799999,32.799999,543200
2017-05-08,32.700001,33.049999,32.599998,33.049999,33.049999,307600
2017-05-09,33.200001,35,33.200001,34.950001,34.950001,305800
2017-05-10,34.849998,36.200001,34.849998,35.849998,35.849998,401300
2017-05-11,35.650002,37,35.349998,36.349998,36.349998,503000
2017-05-12,36.349998,36.900002,36.049999,36.200001,36.200001,612500
2017-05-15,36.349998,37.299999,36.25,37.299999,37.299999,481700
2017-05-16,37.450001,37.900002,37.099998,37.900002,37.900002,403300
2017-05-17,37.400002,37.400002,36.349998,36.849998,36.849998,326300
2017-05-18,36.849998,37.900002,36.549999,37.799999,37.799999,264400
2017-05-19,37.900002,38.549999,37.900002,38.349998,38.349998,227300
2017-05-22,38.450001,38.75,36,37.849998,37.849998,395300
2017-05-23,38,38.450001,37.450001,38.150002,38.150002,308700
2017-05-24,38.25,38.700001,37.200001,38.25,38.25,290200
2017-05-25,38.700001,39.299999,38.200001,38.5,38.5,279200
2017-05-26,38.349998,38.349998,37.900002,38.099998,38.099998,210400
2017-05-30,37.950001,37.950001,36.950001,36.950001,36.950001,249100
2017-05-31,37.150002,37.150002,35.299999,36.200001,36.200001,663400
2017-06-01,36.450001,37.75,36.150002,37.650002,37.650002,332500
2017-06-02,37.75,38.130001,37.349998,37.549999,37.549999,234800
2017-06-05,37.549999,37.849998,36.599998,37.75,37.75,158600
2017-06-06,37.450001,38.299999,37.049999,38.150002,38.150002,279100
2017-06-07,38.049999,38.450001,37.900002,37.950001,37.950001,127300
2017-06-08,38.099998,38.599998,37.849998,38.200001,38.200001,176300
2017-06-09,38.349998,38.75,38.150002,38.400002,38.400002,203300
2017-06-12,38.400002,39,38.049999,38.650002,38.650002,265600
2017-06-13,38.650002,39.150002,38.150002,39.099998,39.099998,209900
2017-06-14,39,39.150002,38.549999,38.950001,38.950001,217400
2017-06-15,38.5,39.200001,38.349998,39.150002,39.150002,147800
2017-06-16,38.849998,39.150002,38.549999,38.700001,38.700001,316200
2017-06-19,38.900002,39.549999,38.799999,39.099998,39.099998,256600
2017-06-20,39.049999,39.349998,38.849998,39.099998,39.099998,135400
2017-06-21,39.049999,39.349998,38.330002,38.5,38.5,111400
2017-06-22,38.650002,40.73,38.650002,40.5,40.5,424000
2017-06-23,40.349998,41.099998,40.150002,40.700001,40.700001,340000
2017-06-26,40.849998,41.380001,40.549999,40.75,40.75,259700
2017-06-27,40.75,40.950001,40.25,40.799999,40.799999,153800
2017-06-28,41,41.349998,40.75,40.849998,40.849998,111100
2017-06-29,41.150002,41.200001,39.700001,40.150002,40.150002,265000
2017-06-30,40.200001,40.400002,39.75,40.150002,40.150002,207300
2017-07-03,40.25,40.799999,40.150002,40.400002,40.400002,105800
2017-07-05,40.400002,40.650002,39.450001,40.25,40.25,100100
2017-07-06,40.150002,40.25,39.5,39.900002,39.900002,172500
2017-07-07,40,40.400002,39.599998,40.099998,40.099998,207900
2017-07-10,39.950001,40.950001,39.549999,39.650002,39.650002,428200
2017-07-11,39.700001,40.5,39.400002,40.299999,40.299999,212300
2017-07-12,40.5,40.700001,40.150002,40.549999,40.549999,115800
2017-07-13,40.450001,40.900002,40.299999,40.669998,40.669998,134500
2017-07-14,40.549999,40.849998,40.349998,40.700001,40.700001,93300
2017-07-17,40.75,40.900002,40.200001,40.599998,40.599998,101900
2017-07-18,40.450001,40.549999,40.049999,40.25,40.25,103600
2017-07-19,40.25,40.799999,39.849998,40.450001,40.450001,261300
2017-07-20,40.549999,40.75,40.25,40.650002,40.650002,80900
2017-07-21,40.849998,40.900002,40.099998,40.150002,40.150002,168600
2017-07-24,40.049999,40.349998,39.450001,39.5,39.5,132800
2017-07-25,39.900002,40.599998,39.580002,40.099998,40.099998,226400
2017-07-26,40.349998,40.5,39.98,40.299999,40.299999,162100
2017-07-27,40.349998,40.900002,39.650002,39.900002,39.900002,138700
2017-07-28,39.75,40,39.400002,39.599998,39.599998,90700
2017-07-31,39.549999,40.200001,39.049999,40.099998,40.099998,128700
2017-08-01,40.349998,40.5,40.099998,40.5,40.5,101700
2017-08-02,40.349998,40.5,39.650002,40.299999,40.299999,311800
2017-08-03,40.25,40.799999,38.299999,38.400002,38.400002,257900
2017-08-04,40.549999,43.5,40.490002,42.650002,42.650002,648600
2017-08-07,42.650002,43.549999,41.5,42.950001,42.950001,329700
2017-08-08,42.950001,43.650002,42.900002,43.200001,43.200001,216700
2017-08-09,42.75,42.900002,41.099998,41.099998,41.099998,270900
2017-08-10,41.049999,41.349998,40.549999,41.049999,41.049999,191000
2017-08-11,41.200001,41.200001,39.849998,40.099998,40.099998,366200
2017-08-14,40.450001,40.950001,40.25,40.599998,40.599998,144400
2017-08-15,40.700001,40.75,39.5,39.549999,39.549999,164500
2017-08-16,39.75,40.349998,39.549999,39.950001,39.950001,361600
2017-08-17,39.700001,40.029999,38.900002,39.049999,39.049999,309700
2017-08-18,38.650002,39.200001,38.650002,39.049999,39.049999,134100
2017-08-21,39.049999,39.099998,38.75,38.849998,38.849998,128900
2017-08-22,39.099998,39.200001,38.799999,39,39,60400
2017-08-23,38.75,39,38.099998,38.349998,38.349998,192400
2017-08-24,38.5,39.599998,38.400002,39.549999,39.549999,159300
2017-08-25,39.599998,39.75,39.150002,39.450001,39.450001,65200
2017-08-28,39.5,39.849998,39.349998,39.599998,39.599998,106100
2017-08-29,39.5,39.849998,39.380001,39.75,39.75,116100
2017-08-30,39.599998,40.150002,39.450001,39.849998,39.849998,93500
2017-08-31,40,40.700001,39.950001,40.349998,40.349998,118600
2017-09-01,40.5,41.279999,39.75,41.200001,41.200001,75400
2017-09-05,41.150002,41.200001,39.099998,39.75,39.75,177100
2017-09-06,39.900002,40.150002,39.5,39.900002,39.900002,77000
2017-09-07,39.900002,40.049999,39,39.299999,39.299999,179100
2017-09-08,39.349998,39.950001,38.549999,39.25,39.25,203000
2017-09-11,39.650002,40.049999,39.349998,39.549999,39.549999,117000
2017-09-12,39.75,40.450001,39.549999,40.299999,40.299999,491600
2017-09-13,40.299999,41.349998,40.049999,41.049999,41.049999,157300
2017-09-14,40.900002,41.849998,37.299999,40.650002,40.650002,142400
2017-09-15,40.700001,40.950001,39.900002,40,40,207900
2017-09-18,39.950001,40.400002,39.950001,40.25,40.25,313000
2017-09-19,40.450001,41.150002,40.450001,40.549999,40.549999,216200
2017-09-20,40.700001,41.700001,40.25,40.849998,40.849998,413500
2017-09-21,40.799999,41.75,40.450001,41.349998,41.349998,259600
2017-09-22,41.5,42.029999,40.900002,41.900002,41.900002,359700
2017-09-25,41.900002,42.900002,41.450001,42.849998,42.849998,523600
2017-09-26,42.75,43.299999,42.099998,43.200001,43.200001,260200
2017-09-27,43.25,44.150002,42.549999,43.900002,43.900002,535500
2017-09-28,43.75,44.650002,43.200001,44.349998,44.349998,359000
2017-09-29,44.299999,44.950001,43.950001,44.299999,44.299999,202700
2017-10-02,44.400002,45.200001,44.049999,45.150002,45.150002,204900
2017-10-03,45.150002,46.099998,44.049999,45.75,45.75,304900
2017-10-04,45.849998,46.099998,44.700001,44.799999,44.799999,286800
2017-10-05,45,45.650002,44.950001,45.349998,45.349998,151400
2017-10-06,45.450001,46,44.950001,45.650002,45.650002,166100
2017-10-09,45.75,46.200001,45,45.25,45.25,167900
2017-10-10,45.599998,46.130001,44.900002,45,45,219700
2017-10-11,45,45.950001,44.950001,45.650002,45.650002,196200
2017-10-12,45.700001,46.5,45.700001,46.200001,46.200001,217200
2017-10-13,46.25,46.549999,45.299999,45.75,45.75,307800
2017-10-16,45.700001,46.450001,45.599998,45.650002,45.650002,260100
2017-10-17,45.650002,46.200001,45.299999,45.799999,45.799999,276500
2017-10-18,45.849998,46.450001,45.599998,46,46,279000
2017-10-19,45.549999,46.099998,45.200001,45.799999,45.799999,250900
2017-10-20,46.200001,47.099998,46.200001,46.650002,46.650002,226100
2017-10-23,46.849998,46.950001,46.150002,46.5,46.5,372000
2017-10-24,46.5,47,46.25,46.5,46.5,165400
2017-10-25,46.650002,46.700001,44.950001,46,46,362400
2017-10-26,45.950001,46.650002,45.599998,46.400002,46.400002,330200
2017-10-27,46.549999,48.049999,46.349998,47.25,47.25,322600
2017-10-30,47.349998,47.75,45.5,45.950001,45.950001,239800
2017-10-31,46.299999,47.299999,45.75,46.450001,46.450001,481000
2017-11-01,46.900002,47.099998,45.299999,45.799999,45.799999,201800
2017-11-02,45.799999,46.099998,45.099998,45.349998,45.349998,430400
2017-11-03,52,52,47.150002,48.950001,48.950001,788200
2017-11-06,49.349998,49.549999,48.650002,48.900002,48.900002,298400
2017-11-07,49,49.400002,47.299999,48,48,330900
2017-11-08,48.049999,48.849998,47.75,48.200001,48.200001,581800
2017-11-09,47.950001,49.830002,47.950001,49.099998,49.099998,363400
2017-11-10,49.049999,49.799999,48.799999,48.900002,48.900002,185600
2017-11-13,48.900002,49.049999,48.200001,49,49,213900
2017-11-14,48.700001,49.200001,48.200001,48.5,48.5,377200
2017-11-15,48.150002,48.93,47.75,48.450001,48.450001,267100
2017-11-16,46.599998,46.849998,43.700001,46.799999,46.799999,932800
2017-11-17,46.25,46.950001,45,46.200001,46.200001,509200
2017-11-20,46,46.18,45.349998,45.950001,45.950001,393400
2017-11-21,46.25,46.799999,45.650002,46,46,368700
2017-11-22,46,46.099998,45.25,45.299999,45.299999,221900
2017-11-24,45.5,45.950001,44.25,45.400002,45.400002,71000
2017-11-27,45.400002,45.849998,45.299999,45.5,45.5,231200
2017-11-28,45.549999,46.25,45.299999,45.75,45.75,340500
2017-11-29,45.700001,46.700001,45.5,46.049999,46.049999,232400
2017-11-30,46.299999,46.700001,45.400002,45.799999,45.799999,376800
2017-12-01,45.650002,45.900002,44.049999,45.549999,45.549999,251600
2017-12-04,46.200001,46.5,45.630001,45.950001,45.950001,238400
2017-12-05,45.950001,46.299999,44.849998,44.900002,44.900002,296600
2017-12-06,44.950001,45.529999,44.549999,44.599998,44.599998,201700
2017-12-07,44.5,45.299999,44.5,45.049999,45.049999,187000
2017-12-08,45.400002,45.599998,44.900002,45.200001,45.200001,230000
2017-12-11,45.349998,45.349998,44.599998,44.900002,44.900002,159700
2017-12-12,45.049999,45.5,44.459999,44.950001,44.950001,191500
2017-12-13,44.900002,45.400002,44.650002,44.799999,44.799999,108800
2017-12-14,44.799999,45.049999,44.200001,44.400002,44.400002,233400
2017-12-15,44.400002,44.5,43.349998,43.700001,43.700001,872200
2017-12-18,44.099998,44.700001,43.549999,43.799999,43.799999,213300
2017-12-19,43.849998,43.900002,42.450001,42.950001,42.950001,296500
2017-12-20,43.150002,43.349998,42.700001,42.900002,42.900002,154400
2017-12-21,43,43.799999,43,43.150002,43.150002,173600
2017-12-22,43.400002,43.599998,43.25,43.349998,43.349998,202600
2017-12-26,43.25,43.349998,42.049999,42.75,42.75,213500
2017-12-27,42.75,43.150002,42.400002,42.650002,42.650002,155400
2017-12-28,42.700001,42.75,42.400002,42.599998,42.599998,111000
2017-12-29,42.75,42.75,42,42.099998,42.099998,146200
2018-01-02,42.099998,42.099998,41.299999,42,42,213600
2018-01-03,42,42.450001,41.900002,42.099998,42.099998,191800
2018-01-04,42.299999,43.43,42.049999,43.25,43.25,146000
2018-01-05,43.25,43.299999,42.549999,42.779999,42.779999,212800
2018-01-08,42.700001,42.700001,42.049999,42.299999,42.299999,147200
2018-01-09,42.700001,43.599998,42.48,43.5,43.5,432400
2018-01-10,43.5,43.700001,43.299999,43.5,43.5,167000
2018-01-11,43.549999,43.549999,42.950001,43.049999,43.049999,179900
2018-01-12,43.150002,43.150002,42.349998,42.450001,42.450001,143100
2018-01-16,42.5,42.5,41.5,41.700001,41.700001,168700
2018-01-17,41.900002,41.900002,40.25,41.150002,41.150002,277000
2018-01-18,41,42.150002,40.549999,41.150002,41.150002,488200
2018-01-19,40.950001,41.549999,40.900002,41.5,41.5,184200
2018-01-22,41.349998,41.75,41.200001,41.75,41.75,116500
2018-01-23,41.75,42.049999,41.150002,41.950001,41.950001,178000
2018-01-24,41.950001,42.099998,41.75,41.950001,41.950001,120600
2018-01-25,42,42.299999,41.450001,42.200001,42.200001,143600
2018-01-26,42.200001,42.799999,42.049999,42.549999,42.549999,111400
2018-01-29,42.599998,42.849998,42.099998,42.299999,42.299999,123900
2018-01-30,42,42.299999,41.849998,42,42,115100
2018-01-31,42,42.150002,41.400002,41.450001,41.450001,163000
2018-02-01,41.349998,41.549999,40.900002,41.450001,41.450001,178700
2018-02-02,41.25,41.25,40.41,41,41,175200
2018-02-05,40.700001,41.049999,39.900002,39.900002,39.900002,180500
2018-02-06,39.25,40.099998,38.400002,39.349998,39.349998,312200
2018-02-07,39.349998,39.849998,39.200001,39.549999,39.549999,104500
2018-02-08,39.650002,39.849998,39.099998,39.700001,39.700001,289300
2018-02-09,39.950001,40.349998,39.099998,40.150002,40.150002,200600
2018-02-12,40.25,41,39.849998,40.599998,40.599998,175700
2018-02-13,40.400002,40.799999,39.900002,40.599998,40.599998,153800
2018-02-14,40.400002,42.099998,40.299999,41.950001,41.950001,254900
2018-02-15,42.299999,42.650002,41.450001,42.549999,42.549999,234300
2018-02-16,42.349998,42.5,41,42.099998,42.099998,176300
2018-02-20,42,42.200001,40.549999,40.599998,40.599998,166300
2018-02-21,40.849998,41.349998,40.400002,40.450001,40.450001,259000
2018-02-22,43.549999,44.099998,40.799999,43.599998,43.599998,1152500
2018-02-23,43.599998,43.849998,42,42.700001,42.700001,359600
2018-02-26,42.549999,42.599998,41.349998,41.349998,41.349998,225400
2018-02-27,41.5,41.900002,41.049999,41.200001,41.200001,179700
2018-02-28,41.400002,43.200001,41.400002,42.799999,42.799999,371000
2018-03-01,42.650002,43.650002,42.200001,42.549999,42.549999,316100
2018-03-02,42.400002,43.299999,41.759998,43.200001,43.200001,151600
2018-03-05,42.900002,43.900002,42.849998,43.700001,43.700001,209700
2018-03-06,43.950001,45.599998,43.700001,45.299999,45.299999,447600
2018-03-07,44.900002,45.630001,44.549999,45.450001,45.450001,220900
2018-03-08,45.549999,46.200001,45.400002,45.5,45.5,232000
2018-03-09,45.700001,45.849998,44.799999,45.700001,45.700001,129200
2018-03-12,45.75,46.299999,45.599998,45.900002,45.900002,133500
2018-03-13,45.950001,46.25,44.400002,44.900002,44.900002,186400
2018-03-14,44.900002,44.98,43.75,43.849998,43.849998,226900
2018-03-15,43.900002,44.400002,43.5,43.549999,43.549999,142900
2018-03-16,43.5,44.950001,43.5,44.650002,44.650002,301400
2018-03-19,44.599998,46.099998,44.330002,45.900002,45.900002,269100
2018-03-20,46.099998,46.650002,45.650002,45.700001,45.700001,242500
2018-03-21,45.650002,46.349998,45.049999,45.299999,45.299999,145600
2018-03-22,44.950001,45.349998,44.299999,44.299999,44.299999,145600
2018-03-23,44.549999,44.700001,43.900002,44.5,44.5,213600
2018-03-26,45.049999,46.150002,44.75,45.900002,45.900002,212900
2018-03-27,46.049999,46.5,44.5,44.900002,44.900002,184100
2018-03-28,44.849998,45.5,44.549999,44.900002,44.900002,174100
2018-03-29,44.950001,45.450001,44.450001,45.200001,45.200001,201800
2018-04-02,44.950001,45.450001,44.450001,44.700001,44.700001,136000
2018-04-03,44.900002,45.5,44.349998,44.599998,44.599998,209000
2018-04-04,44.099998,45.200001,44.099998,45,45,111400
2018-04-05,45.400002,45.5,44.25,44.799999,44.799999,263500
2018-04-06,44.799999,45.450001,44.299999,44.599998,44.599998,203800
2018-04-09,44.650002,45.049999,43.950001,44.150002,44.150002,261900
2018-04-10,44.400002,44.799999,44.099998,44.400002,44.400002,130000
2018-04-11,44.299999,44.549999,40.549999,44.25,44.25,69800
2018-04-12,44.400002,44.849998,44.049999,44.700001,44.700001,285300
2018-04-13,44.849998,45.200001,43.599998,45.049999,45.049999,158900
2018-04-16,45.25,45.450001,44.400002,45.150002,45.150002,103200
2018-04-17,45.299999,45.650002,44.200001,44.700001,44.700001,144600
2018-04-18,44.950001,45.400002,43.900002,44.049999,44.049999,158200
2018-04-19,44.099998,45.400002,43.900002,44.599998,44.599998,135300
2018-04-20,44.5,45.080002,44.5,44.900002,44.900002,213000
2018-04-23,44.849998,45.099998,44.700001,45.049999,45.049999,73000
2018-04-24,45,45.650002,44.799999,45.200001,45.200001,176500
2018-04-25,45.150002,45.349998,44.700001,45.099998,45.099998,116400
2018-04-26,45.349998,45.5,44.549999,44.950001,44.950001,86900
2018-04-27,45.049999,45.099998,44.400002,44.650002,44.650002,92400
2018-04-30,44.799999,44.950001,44.349998,44.599998,44.599998,113500
2018-05-01,44.650002,44.75,43.799999,44.599998,44.599998,144400
2018-05-02,44.5,44.950001,44.349998,44.450001,44.450001,119300
2018-05-03,44.450001,44.450001,43.299999,43.900002,43.900002,84700
2018-05-04,43.75,44.900002,43.349998,44.450001,44.450001,140000
2018-05-07,44.450001,45.150002,43.830002,44.700001,44.700001,121800
2018-05-08,44.450001,45.200001,44.049999,45.099998,45.099998,167500
2018-05-09,45.75,47.799999,44.049999,45.200001,45.200001,886300
2018-05-10,45.650002,45.950001,44.75,45,45,396400
2018-05-11,45.25,46.060001,44.700001,44.950001,44.950001,252600
2018-05-14,45,45.049999,44.5,44.599998,44.599998,234400
2018-05-15,44.599998,44.98,44.400002,44.599998,44.599998,233900
2018-05-16,44.599998,44.599998,43.25,43.400002,43.400002,290600
2018-05-17,43.450001,43.700001,43.299999,43.549999,43.549999,213600
2018-05-18,43.700001,43.849998,43.349998,43.700001,43.700001,136100
2018-05-21,43.650002,43.98,43.299999,43.400002,43.400002,140100
2018-05-22,43.599998,43.650002,42.349998,42.349998,42.349998,200200
2018-05-23,42.299999,42.299999,40.799999,40.950001,40.950001,392900
2018-05-24,40.950001,41.049999,39.849998,40,40,524100
2018-05-25,39.900002,40.349998,39.799999,40,40,232200
2018-05-29,39.799999,40,39.23,39.549999,39.549999,338300
2018-05-30,39.799999,40.349998,39.549999,39.950001,39.950001,328800
2018-05-31,39.799999,40.150002,39.299999,39.450001,39.450001,541100
2018-06-01,39.549999,40.75,39.200001,40.200001,40.200001,269300
2018-06-04,40.349998,40.700001,39.5,40.200001,40.200001,367100
2018-06-05,40.150002,40.400002,38.099998,38.200001,38.200001,507900
2018-06-06,38.400002,39.099998,37.799999,39,39,293800
2018-06-07,38.950001,39.150002,38.200001,38.25,38.25,127400
2018-06-08,38.25,38.900002,38.150002,38.700001,38.700001,344400
2018-06-11,38.799999,39.150002,38.75,38.849998,38.849998,238400
2018-06-12,38.75,38.849998,38.150002,38.700001,38.700001,257500
2018-06-13,38.75,38.75,37.950001,38.150002,38.150002,432200
2018-06-14,38.099998,38.650002,37.900002,38.450001,38.450001,231400
2018-06-15,38.25,38.799999,38.099998,38.400002,38.400002,281800
2018-06-18,38.25,38.75,37.919998,38.400002,38.400002,127700
2018-06-19,38.349998,38.450001,37.799999,38,38,187700
2018-06-20,38.150002,38.549999,37.849998,38.5,38.5,141700
2018-06-21,38.549999,38.849998,38.150002,38.200001,38.200001,226600
2018-06-22,38.400002,38.799999,38.099998,38.75,38.75,433800
2018-06-25,38.599998,38.650002,37.650002,37.900002,37.900002,223200
2018-06-26,38.099998,38.950001,37.450001,37.549999,37.549999,294200
2018-06-27,37.349998,37.650002,36.75,36.799999,36.799999,197700
2018-06-28,36.950001,37.099998,36.299999,37,37,216400
2018-06-29,37.150002,37.75,36.549999,36.599998,36.599998,225200
2018-07-02,36.549999,37.130001,35.849998,36.650002,36.650002,361000
2018-07-03,36.650002,37.200001,36.400002,37.049999,37.049999,72500
2018-07-05,37.450001,37.599998,37,37.400002,37.400002,220400
2018-07-06,37.349998,38,37.349998,37.75,37.75,171600
2018-07-09,38.049999,38.75,38,38.599998,38.599998,301800
2018-07-10,38.400002,39.099998,38.400002,39.049999,39.049999,221300
2018-07-11,38.900002,39.049999,38.650002,38.849998,38.849998,221600
2018-07-12,38.799999,38.799999,37.099998,37.5,37.5,267800
2018-07-13,37.549999,38.400002,37.25,38,38,221400
2018-07-16,38.150002,38.400002,37.849998,38.25,38.25,177100
2018-07-17,38.400002,38.549999,35.599998,35.700001,35.700001,2030300
2018-07-18,35.700001,36.549999,35.349998,36.349998,36.349998,1177500
2018-07-19,36.349998,36.700001,36.099998,36.700001,36.700001,380900
2018-07-20,36.700001,36.799999,36.25,36.450001,36.450001,241500
2018-07-23,36.400002,36.650002,36.150002,36.5,36.5,343900
2018-07-24,36.650002,36.849998,36.25,36.799999,36.799999,497600
2018-07-25,36.75,36.75,35.900002,36.049999,36.049999,285900
2018-07-26,36.200001,36.75,35.599998,36.599998,36.599998,223900
2018-07-27,36.650002,36.700001,36.200001,36.400002,36.400002,165500
2018-07-30,36.450001,36.849998,36.150002,36.349998,36.349998,397800
2018-07-31,36.25,36.450001,35.75,36.099998,36.099998,222300
2018-08-01,36.150002,36.650002,35.5,35.900002,35.900002,216700
2018-08-02,35.75,36.299999,35.25,36.200001,36.200001,209900
2018-08-03,36.150002,36.599998,35.5,35.549999,35.549999,492700
2018-08-06,35.549999,36.299999,35.450001,35.950001,35.950001,339500
2018-08-07,35.75,36.150002,35.450001,35.799999,35.799999,266500
2018-08-08,35.900002,36,35.150002,35.549999,35.549999,307900
2018-08-09,39.950001,40.299999,38.099998,40,40,1848900
2018-08-10,39.650002,40.849998,39.099998,39.849998,39.849998,874600
2018-08-13,39.900002,39.900002,38.950001,39.25,39.25,402600
2018-08-14,39.450001,40.150002,39.450001,39.599998,39.599998,307000
2018-08-15,39.25,39.75,38.959999,39.450001,39.450001,319500
2018-08-16,39.650002,40.650002,39.599998,40.400002,40.400002,606300
2018-08-17,40.299999,41.150002,40.099998,40.150002,40.150002,226900
2018-08-20,40.299999,40.849998,39.799999,40.5,40.5,357000
2018-08-21,40.549999,41.5,40.150002,40.299999,40.299999,415800
2018-08-22,40.349998,40.549999,39.799999,40.099998,40.099998,344000
2018-08-23,40.049999,40.049999,39.299999,39.400002,39.400002,350500
2018-08-24,39.400002,40.099998,39.049999,40,40,412600
2018-08-27,39.799999,40.080002,39.650002,39.799999,39.799999,367500
2018-08-28,39.900002,40.049999,38.650002,38.700001,38.700001,355800
2018-08-29,38.700001,39.150002,38.169998,38.549999,38.549999,309100
2018-08-30,38.799999,38.950001,37.650002,38.25,38.25,300500
2018-08-31,38.25,38.799999,37.950001,38.75,38.75,374000
2018-09-04,38.799999,39,37.900002,39,39,194900
2018-09-05,38.900002,38.900002,38.049999,38.549999,38.549999,321200
2018-09-06,38.650002,38.75,38,38.200001,38.200001,269000
2018-09-07,38.25,38.5,37.700001,38.200001,38.200001,232300
2018-09-10,38.400002,38.400002,37.349998,37.450001,37.450001,325400
2018-09-11,37.400002,37.450001,36.900002,37.299999,37.299999,342500
2018-09-12,37.349998,37.849998,36.900002,37,37,229000
2018-09-13,37,37.650002,36.900002,37.5,37.5,222900
2018-09-14,37.349998,38.650002,37.299999,38.5,38.5,409500
2018-09-17,38.650002,38.650002,37.650002,38.349998,38.349998,312300
2018-09-18,38.450001,38.75,37.919998,38.5,38.5,288900
2018-09-19,38.5,38.75,38.23,38.5,38.5,323900
2018-09-20,38.650002,38.950001,38.200001,38.549999,38.549999,248600
2018-09-21,38.549999,38.73,38.049999,38.200001,38.200001,519500
2018-09-24,38.150002,38.400002,37.349998,37.900002,37.900002,275300
2018-09-25,37.900002,38.73,36.950001,37.75,37.75,627000
2018-09-26,37.849998,37.849998,37,37.200001,37.200001,419100
2018-09-27,37.099998,37.299999,36.799999,37,37,199400
2018-09-28,36.900002,36.950001,35.799999,35.849998,35.849998,262100
2018-10-01,36.02,36.209999,35.560001,35.619999,35.619999,261700
2018-10-02,33,35.049999,31.68,34.900002,34.900002,635900
2018-10-03,34.939999,34.990002,34.23,34.240002,34.240002,258700
2018-10-04,34.25,34.360001,32.959999,33.02,33.02,440200
2018-10-05,33.130001,33.389999,32.52,33.029999,33.029999,523200
2018-10-08,33.139999,33.139999,32.029999,32.599998,32.599998,295000
2018-10-09,32.650002,32.650002,31.940001,32.220001,32.220001,371700
2018-10-10,32.23,32.41,30.959999,31.01,31.01,374300
2018-10-11,30.9,31.389999,30.530001,30.59,30.59,308100
2018-10-12,30.940001,30.940001,29.969999,30.059999,30.059999,242800
2018-10-15,30.07,30.459999,29.870001,30.040001,30.040001,340400
2018-10-16,30.17,30.549999,29.889999,30.379999,30.379999,263700
2018-10-17,30.26,30.26,29.280001,29.969999,29.969999,362600
2018-10-18,29.879999,30.049999,28.780001,28.83,28.83,375300
2018-10-19,28.82,29.700001,28.82,29.48,29.48,408100
2018-10-22,29.48,29.83,28.24,28.25,28.25,329100
2018-10-23,27.93,28.32,27.42,27.549999,27.549999,353400
2018-10-24,27.59,27.75,25.860001,25.889999,25.889999,513800
2018-10-25,26,27.190001,26,27.110001,27.110001,481400
2018-10-26,26.75,27.26,26.120001,26.860001,26.860001,476300
2018-10-29,27.16,27.32,26.17,26.18,26.18,340000
2018-10-30,26.219999,26.440001,25.139999,26.190001,26.190001,801600
2018-10-31,26.49,26.790001,25.26,25.41,25.41,580800
2018-11-01,25.559999,27.040001,25.209999,27.030001,27.030001,461700
2018-11-02,27.190001,27.24,26.370001,26.799999,26.799999,291300
2018-11-05,26.870001,27.190001,26.059999,26.540001,26.540001,316500
2018-11-06,26.469999,27.1,26.16,27.07,27.07,278600
2018-11-07,27.23,27.290001,25.860001,26.219999,26.219999,558800
2018-11-08,24.860001,26.4,24,24.139999,24.139999,977000
2018-11-09,24.040001,25.379999,23.59,25.27,25.27,774600
2018-11-12,25.08,26.18,24.379999,25.58,25.58,461600
2018-11-13,25.93,27.120001,25.75,26.92,26.92,975500
2018-11-14,27.43,27.700001,26.379999,26.950001,26.950001,359100
2018-11-15,26.66,26.91,25.65,25.790001,25.790001,327100
2018-11-16,25.57,26.129999,24.82,25.860001,25.860001,377900
2018-11-19,25.799999,25.950001,25.17,25.25,25.25,341800
2018-11-20,25,25.719999,24.799999,25.610001,25.610001,302200
2018-11-21,25.629999,26.76,25.629999,26.75,26.75,197500
2018-11-23,26.360001,27.629999,26.360001,26.99,26.99,174300
2018-11-26,27.200001,27.889999,26.98,27.77,27.77,250900
2018-11-27,27.549999,27.84,26.379999,26.43,26.43,247500
2018-11-28,26.6,27.360001,26.129999,27.1,27.1,296900
2018-11-29,27.059999,27.33,26.68,27.129999,27.129999,162300
2018-11-30,26.940001,28.02,26.530001,27.98,27.98,400900
2018-12-03,28.35,28.84,28.02,28.59,28.59,456000
2018-12-04,28.48,29.08,26.68,26.68,26.68,477600
2018-12-06,26.24,26.799999,25.780001,25.950001,25.950001,331900
2018-12-07,25.950001,26.389999,24.85,24.879999,24.879999,531900
2018-12-10,24.93,25.280001,23.57,23.58,23.58,416400
2018-12-11,23.889999,24.450001,22.66,22.969999,22.969999,307000
2018-12-12,23.280001,23.68,23.02,23.25,23.25,369800
2018-12-13,23.41,23.6,22.5,22.860001,22.860001,283100
2018-12-14,22.68,23.33,20.379999,22.01,22.01,309000
2018-12-17,21.879999,22.48,21.780001,22.450001,22.450001,320900
2018-12-18,22.610001,23.709999,22.299999,22.809999,22.809999,321700
2018-12-19,22.799999,23.690001,22.27,22.540001,22.540001,292800
2018-12-20,22.540001,22.98,22.309999,22.450001,22.450001,282900
2018-12-21,22.469999,23.01,21.879999,21.879999,21.879999,776600
2018-12-24,21.82,22.49,21.49,21.66,21.66,162300
2018-12-26,21.84,22.82,21.51,22.65,22.65,310500
2018-12-27,22.610001,24.190001,22.299999,23.48,23.48,501500
2018-12-28,23.6,24.01,23.17,23.700001,23.700001,217900
2018-12-31,23.559999,24.17,23.200001,23.5,23.5,294500
2019-01-02,23.16,24.57,22.190001,24.540001,24.540001,325300
2019-01-03,24.83,24.83,24.09,24.389999,24.389999,395900
2019-01-04,24.700001,25.6,24.700001,25.219999,25.219999,479300
2019-01-07,25.17,25.93,25.01,25.91,25.91,225900
2019-01-08,26.120001,26.5,25.540001,26.440001,26.440001,194100
2019-01-09,26.58,27.299999,26.25,27.25,27.25,465100
2019-01-10,27,27.709999,25.870001,27.440001,27.440001,243500
2019-01-11,27.440001,27.870001,27.17,27.799999,27.799999,217400
2019-01-14,27.559999,28.120001,27.299999,27.559999,27.559999,123300
2019-01-15,28.66,28.709999,27.24,27.75,27.75,260700
2019-01-16,27.98,28.23,27.76,28,28,350100
2019-01-17,27.91,28.200001,27.780001,28.040001,28.040001,210700
2019-01-18,28.049999,28.719999,27.809999,28.48,28.48,255300
2019-01-22,28.280001,28.6,27.67,28.040001,28.040001,352800
2019-01-23,28.190001,28.450001,27.559999,28.440001,28.440001,193700
2019-01-24,28.379999,28.780001,28.139999,28.370001,28.370001,113600
2019-01-25,28.4,28.77,28.360001,28.75,28.75,189800
2019-01-28,28.48,29.450001,28.48,29.4,29.4,251700
2019-01-29,29.370001,29.719999,29.18,29.18,29.18,148600
2019-01-30,29.42,29.42,28.57,29.4,29.4,121800
2019-01-31,29.389999,29.59,29.139999,29.540001,29.540001,124000
2019-02-01,29.540001,30.34,29.440001,30.299999,30.299999,171600
2019-02-04,30.219999,30.51,29.85,30.16,30.16,185400
2019-02-05,30.18,30.83,29.85,30.809999,30.809999,658800
2019-02-06,30.610001,30.82,30.440001,30.690001,30.690001,130700
2019-02-07,30.49,30.66,29.940001,30.370001,30.370001,138100
2019-02-08,30.219999,30.700001,29.67,29.860001,29.860001,127100
2019-02-11,29.99,30.59,29.48,30.58,30.58,137700
2019-02-12,30.77,31.58,30.450001,31.530001,31.530001,163700
2019-02-13,31.6,31.940001,31.32,31.860001,31.860001,152700
2019-02-14,31.66,32.25,31.290001,32.169998,32.169998,182900
2019-02-15,32.389999,32.66,31.690001,32.02,32.02,165700
